{
"type": "FeatureCollection",
"name": "batas_kecamatan",
"crs": { "type": "name", "properties": { "name": "urn:ogc:def:crs:OGC:1.3:CRS84" } },
"features": [
{"type":"Feature","properties":{"WADMKC":"Pontianak Barat","WADMKK":"Kota Pontianak","WADMPR":"Kalimantan Barat","WIADKC":null,"WIADKK":null,"WIADPR":null,"WIADKD":null,"NAMOBJ":"Pontianak Barat"},"geometry":{"type":"MultiPolygon","coordinates":[[[[109.29896807700004,0.002038600000049,0.0],[109.299057871000059,0.002038205000019,0.0],[109.299147699000059,0.002038205000019,0.0],[109.299237527000059,0.002038205000019,0.0],[109.29932735400007,0.002038206000066,0.0],[109.29941718200007,0.002038206000066,0.0],[109.299507009000081,0.002038206000066,0.0],[109.299596837000081,0.002038206000066,0.0],[109.299686665000081,0.002038206000066,0.0],[109.299776492000035,0.002038206000066,0.0],[109.299866320000035,0.002038206000066,0.0],[109.299956148000035,0.002038206000066,0.0],[109.300045975000046,0.002038206000066,0.0],[109.300135803000046,0.002038206000066,0.0],[109.300225631000046,0.002038206000066,0.0],[109.300315458000057,0.002038207000055,0.0],[109.300405286000057,0.002038207000055,0.0],[109.300495114000057,0.002038207000055,0.0],[109.300584941000068,0.002038207000055,0.0],[109.300674769000068,0.002038207000055,0.0],[109.300764597000068,0.002038207000055,0.0],[109.300854424000079,0.002038207000055,0.0],[109.300944252000079,0.002038207000055,0.0],[109.301034080000079,0.002038207000055,0.0],[109.301123908000079,0.002038207000055,0.0],[109.301213735000033,0.002038208000045,0.0],[109.301303563000033,0.002038208000045,0.0],[109.301393391000033,0.002038208000045,0.0],[109.301483218000044,0.002038208000045,0.0],[109.301573046000044,0.002038208000045,0.0],[109.301662874000044,0.002038208000045,0.0],[109.301752702000044,0.002038208000045,0.0],[109.301842529000055,0.002038208000045,0.0],[109.301932357000055,0.002038208000045,0.0],[109.302022185000055,0.002038208000045,0.0],[109.302112013000055,0.002038208000045,0.0],[109.302201840000066,0.002038209000034,0.0],[109.302291668000066,0.002038209000034,0.0],[109.302381496000066,0.002038209000034,0.0],[109.302471324000066,0.002038209000034,0.0],[109.302561151000077,0.002038209000034,0.0],[109.302650979000077,0.002038209000034,0.0],[109.302740807000077,0.002038209000034,0.0],[109.302830635000078,0.002038209000034,0.0],[109.302920463000078,0.002038209000034,0.0],[109.303010253000082,0.002037453000071,0.0],[109.303099635000081,0.00202846000002,0.0],[109.303189018000069,0.002019466000036,0.0],[109.303278400000067,0.002010472000052,0.0],[109.303367783000056,0.002001479000057,0.0],[109.303457165000054,0.001992484000027,0.0],[109.303546548000043,0.001983491000033,0.0],[109.303635930000041,0.001974497000049,0.0],[109.303725313000086,0.001965503000065,0.0],[109.303814695000085,0.001956509000024,0.0],[109.303904077000084,0.00194751500004,0.0],[109.303993460000072,0.001938521000056,0.0],[109.30408284300006,0.001929528000062,0.0],[109.304172225000059,0.001920534000021,0.0],[109.304261607000058,0.001911540000037,0.0],[109.304350991000035,0.001902547000043,0.0],[109.304440373000034,0.00189355200007,0.0],[109.304529755000033,0.001884559000075,0.0],[109.304618617000074,0.001871331000075,0.0],[109.304707475000043,0.001858084000048,0.0],[109.304796335000049,0.001844839000057,0.0],[109.304885193000075,0.00183159200003,0.0],[109.30497405300008,0.001818347000039,0.0],[109.305062912000039,0.00180510000007,0.0],[109.305151770000066,0.001791854000032,0.0],[109.305240630000071,0.001778608000052,0.0],[109.305329488000041,0.001765361000025,0.0],[109.305418348000046,0.001752115000045,0.0],[109.305507207000062,0.001738869000064,0.0],[109.305596066000078,0.001725623000027,0.0],[109.305684925000037,0.001712377000047,0.0],[109.305773784000053,0.001699131000066,0.0],[109.305862643000069,0.00168588400004,0.0],[109.305951502000084,0.001672639000049,0.0],[109.306040362000033,0.001659392000022,0.0],[109.306129220000059,0.001646145000052,0.0],[109.306218126000033,0.001633225000035,0.0],[109.306307093000044,0.001620734000028,0.0],[109.306396060000054,0.001608243000021,0.0],[109.306485027000065,0.001595752000071,0.0],[109.306573994000075,0.001583261000064,0.0],[109.306662961000086,0.001570770000058,0.0],[109.30675192700005,0.001558278000061,0.0],[109.30684089500005,0.001545788000044,0.0],[109.306929861000071,0.001533296000048,0.0],[109.307018829000071,0.001520805000041,0.0],[109.307107795000036,0.001508314000034,0.0],[109.307196763000036,0.001495822000038,0.0],[109.307285729000057,0.001483332000021,0.0],[109.307374696000068,0.001470840000025,0.0],[109.307463663000078,0.001458350000064,0.0],[109.30755177900005,0.001441112000066,0.0],[109.307639470000083,0.001421505000053,0.0],[109.307727161000059,0.001401896000061,0.0],[109.307814852000035,0.001382288000059,0.0],[109.307902543000068,0.001362680000057,0.0],[109.307990234000044,0.001343072000054,0.0],[109.308077926000067,0.001323463000062,0.0],[109.308165617000043,0.00130385600005,0.0],[109.308253308000076,0.001284247000058,0.0],[109.308341,0.001264638000066,0.0],[109.308428691000074,0.001245031000053,0.0],[109.30851638200005,0.001225422000061,0.0],[109.308604073000083,0.001205814000059,0.0],[109.308691764000059,0.001186206000057,0.0],[109.308779455000035,0.001166598000054,0.0],[109.308867146000068,0.001146989000063,0.0],[109.308954615000061,0.001126400000032,0.0],[109.309042082000076,0.001105802000041,0.0],[109.309129548000044,0.001085204000049,0.0],[109.309217016000048,0.001064606000057,0.0],[109.309304482000073,0.001044007000075,0.0],[109.309391949000087,0.001023409000027,0.0],[109.309479416000045,0.001002811000035,0.0],[109.30956688200007,0.000982212000054,0.0],[109.309654350000073,0.000961614000062,0.0],[109.309741816000042,0.000941015000024,0.0],[109.309829284000045,0.000920417000032,0.0],[109.30991675000007,0.00089981900004,0.0],[109.310004217000085,0.000879220000058,0.0],[109.310091684000042,0.000858622000067,0.0],[109.310179151000057,0.000838023000028,0.0],[109.310266618000071,0.000817425000037,0.0],[109.31035326600005,0.000793732000034,0.0],[109.31043930900006,0.000767759000041,0.0],[109.31052535200007,0.000741786000049,0.0],[109.31061139600007,0.00071581100002,0.0],[109.310697440000069,0.000689838000028,0.0],[109.310783482000033,0.000663865000035,0.0],[109.310869526000033,0.000637890000064,0.0],[109.310955570000033,0.000611917000072,0.0],[109.311041613000043,0.000585943000033,0.0],[109.311127656000053,0.00055997000004,0.0],[109.311213700000053,0.000533996000058,0.0],[109.311299743000063,0.00050802200002,0.0],[109.311385787000063,0.000482049000027,0.0],[109.311471830000073,0.000456075000045,0.0],[109.311557873000083,0.000430101000063,0.0],[109.311643917000083,0.000404128000071,0.0],[109.311729961000083,0.000378154000032,0.0],[109.311816004000036,0.00035218000005,0.0],[109.311900435000041,0.000321395000071,0.0],[109.311984521000056,0.000289581000061,0.0],[109.312068608000061,0.00025776800004,0.0],[109.312152694000076,0.000225955000076,0.0],[109.312236781000081,0.000194141000065,0.0],[109.312320867000039,0.000162328000044,0.0],[109.312404953000055,0.000130515000023,0.0],[109.31248904000006,0.00009870100007,0.0],[109.312573126000075,0.000066888000049,0.0],[109.31265721300008,0.000035075000028,0.0],[109.312741299000038,0.000003261000074,0.0],[109.312749919000055,0.0,0.0],[109.314156704000084,-0.000657068999942,0.0],[109.315232187000049,-0.001124081999933,0.0],[109.315319336000073,-0.001146003999963,0.0],[109.31540648500004,-0.001167925999937,0.0],[109.315493634000063,-0.001189847999967,0.0],[109.315580783000087,-0.001211769999941,0.0],[109.315667932000053,-0.001233691999971,0.0],[109.315755082000067,-0.001255613999945,0.0],[109.315842231000033,-0.001277535999975,0.0],[109.315929379000067,-0.001299458999938,0.0],[109.316012124000054,-0.001334626999949,0.0],[109.316094817000078,-0.001369948999979,0.0],[109.316177510000045,-0.001405271999943,0.0],[109.31626020300007,-0.001440593999973,0.0],[109.316342895000048,-0.001475916999937,0.0],[109.316425588000072,-0.001511239999957,0.0],[109.31650828100004,-0.00154656199993,0.0],[109.316590974000064,-0.00158188499995,0.0],[109.316673667000089,-0.001617206999924,0.0],[109.316756359000067,-0.001652529999944,0.0],[109.316839053000081,-0.001687852999964,0.0],[109.316921745000059,-0.001723174999938,0.0],[109.317004439000073,-0.001758497999958,0.0],[109.317087131000051,-0.001793820999978,0.0],[109.317169823000086,-0.001829143999942,0.0],[109.317252517000043,-0.001864466999962,0.0],[109.317335209000078,-0.001899788999935,0.0],[109.317417903000035,-0.001935111999956,0.0],[109.31750059500007,-0.001970434999976,0.0],[109.317583288000037,-0.002005756999949,0.0],[109.317665981000061,-0.002041079999969,0.0],[109.317748674000086,-0.002076402999933,0.0],[109.317831367000053,-0.002111724999963,0.0],[109.317914059000088,-0.002147047999927,0.0],[109.317996753000045,-0.002182370999947,0.0],[109.31807944500008,-0.002217692999977,0.0],[109.318162138000048,-0.002253015999941,0.0],[109.318244831000072,-0.002288338999961,0.0],[109.31832752400004,-0.002323661999981,0.0],[109.318410217000064,-0.002358984999944,0.0],[109.318492910000089,-0.002394307999964,0.0],[109.318575603000056,-0.002429629999938,0.0],[109.318658295000034,-0.002464952999958,0.0],[109.318740989000048,-0.002500275999978,0.0],[109.318823681000083,-0.002535597999952,0.0],[109.318906374000051,-0.002570920999972,0.0],[109.318989067000075,-0.002606243999935,0.0],[109.319071760000043,-0.002641565999966,0.0],[109.319154453000067,-0.002676888999929,0.0],[109.319237146000034,-0.002712211999949,0.0],[109.319319839000059,-0.002747534999969,0.0],[109.319402531000037,-0.002782857999932,0.0],[109.319485225000051,-0.002818180999952,0.0],[109.319567917000086,-0.002853503999972,0.0],[109.319650611000043,-0.002888825999946,0.0],[109.319733303000078,-0.002924148999966,0.0],[109.319815997000035,-0.00295947199993,0.0],[109.31989868900007,-0.00299479499995,0.0],[109.319981383000083,-0.00303011699998,0.0],[109.320064075000062,-0.003065439999943,0.0],[109.320146725000086,-0.003100844999949,0.0],[109.320222483000066,-0.003149439999959,0.0],[109.320298241000046,-0.003198034999969,0.0],[109.320373999000083,-0.003246629999978,0.0],[109.320449757000063,-0.003295222999952,0.0],[109.320525514000053,-0.003343817999962,0.0],[109.320601272000033,-0.003392412999972,0.0],[109.32067703000007,-0.003441007999925,0.0],[109.32075278800005,-0.003489601999945,0.0],[109.320828546000087,-0.003538196999955,0.0],[109.320904303000077,-0.003586791999965,0.0],[109.320980062000046,-0.003635386999974,0.0],[109.321055820000083,-0.003683980999938,0.0],[109.321131578000063,-0.003732574999958,0.0],[109.321207335000054,-0.003781169999968,0.0],[109.321283093000034,-0.003829764999978,0.0],[109.32135885100007,-0.003878358999941,0.0],[109.32143460900005,-0.003926953999951,0.0],[109.321510367000087,-0.003975548999961,0.0],[109.321586124000078,-0.00402414399997,0.0],[109.321661882000058,-0.004072737999934,0.0],[109.321737640000038,-0.004121332999944,0.0],[109.321813399000064,-0.004169927999953,0.0],[109.321889156000054,-0.004218522999963,0.0],[109.321964914000034,-0.004267116999927,0.0],[109.322040672000071,-0.004315710999947,0.0],[109.322116430000051,-0.004364305999957,0.0],[109.322192188000088,-0.004412900999966,0.0],[109.322267946000068,-0.00446149499993,0.0],[109.322343703000058,-0.00451008999994,0.0],[109.322419461000038,-0.004558684999949,0.0],[109.322495219000075,-0.004607279999959,0.0],[109.322570977000055,-0.00465587399998,0.0],[109.322646736000081,-0.004704468999932,0.0],[109.322722493000072,-0.004753063999942,0.0],[109.322798251000052,-0.004801658999952,0.0],[109.322874009000088,-0.004850252999972,0.0],[109.322949767000068,-0.004898847999925,0.0],[109.323025525000048,-0.004947442999935,0.0],[109.323101282000039,-0.004996037999945,0.0],[109.323177040000076,-0.005044631999965,0.0],[109.323252798000055,-0.005093226999975,0.0],[109.323328507000042,-0.005141888999958,0.0],[109.323396980000041,-0.005200423999952,0.0],[109.323465454000086,-0.005258958999946,0.0],[109.323533927000085,-0.005317493999939,0.0],[109.323602400000084,-0.005376027999944,0.0],[109.323670874000072,-0.005434562999937,0.0],[109.323739347000071,-0.005493097999931,0.0],[109.323807821000059,-0.005551632999925,0.0],[109.323876294000058,-0.005610167999976,0.0],[109.323944767000057,-0.00566870199998,0.0],[109.324013241000046,-0.005727236999974,0.0],[109.324081714000044,-0.005785771999967,0.0],[109.324150187000043,-0.005844306999961,0.0],[109.324218661000089,-0.005902841999955,0.0],[109.324287134000087,-0.005961375999959,0.0],[109.324355608000076,-0.006019911999942,0.0],[109.324424081000075,-0.006078445999947,0.0],[109.324492554000074,-0.006136980999941,0.0],[109.324561028000062,-0.006195515999934,0.0],[109.32462950200005,-0.006254049999939,0.0],[109.32469797400006,-0.006312585999979,0.0],[109.324766448000048,-0.006371120999972,0.0],[109.324834921000047,-0.006429654999977,0.0],[109.324903395000035,-0.00648818999997,0.0],[109.324971868000034,-0.006546725999954,0.0],[109.325040341000033,-0.006605259999958,0.0],[109.325108815000078,-0.006663794999952,0.0],[109.325177289000067,-0.006722329999945,0.0],[109.325245761000076,-0.00678086399995,0.0],[109.325314235000064,-0.006839399999933,0.0],[109.325382709000053,-0.006897934999927,0.0],[109.325451182000052,-0.006956468999931,0.0],[109.325519655000051,-0.007015003999925,0.0],[109.325588129000039,-0.007073539999965,0.0],[109.325656602000038,-0.007132073999969,0.0],[109.325725075000037,-0.007190608999963,0.0],[109.325793549000082,-0.007249143999957,0.0],[109.325862022000081,-0.00730767899995,0.0],[109.325930496000069,-0.007366213999944,0.0],[109.325998969000068,-0.007424748999938,0.0],[109.326067442000067,-0.007483283999932,0.0],[109.326135916000055,-0.007541817999936,0.0],[109.326204389000054,-0.00760035299993,0.0],[109.326272862000053,-0.00765888899997,0.0],[109.326341336000041,-0.007717423999964,0.0],[109.32640980900004,-0.007775957999968,0.0],[109.326478283000085,-0.007834492999962,0.0],[109.326546756000084,-0.007893028999945,0.0],[109.326615229000083,-0.007951563999939,0.0],[109.326683703000072,-0.008010097999943,0.0],[109.32675217700006,-0.008068632999937,0.0],[109.326820649000069,-0.00812716799993,0.0],[109.326889123000058,-0.00818570399997,0.0],[109.326957597000046,-0.008244237999975,0.0],[109.327026070000045,-0.008302772999969,0.0],[109.327094543000044,-0.008361307999962,0.0],[109.327163017000089,-0.008419843999945,0.0],[109.327231490000088,-0.008478378999939,0.0],[109.327299964000076,-0.008536912999944,0.0],[109.327368437000075,-0.008595447999937,0.0],[109.327436910000074,-0.008653982999931,0.0],[109.327505384000062,-0.008712518999971,0.0],[109.327573858000051,-0.008771053999965,0.0],[109.32764233000006,-0.008829588999959,0.0],[109.327710804000048,-0.008888122999963,0.0],[109.327779278000037,-0.008946658999946,0.0],[109.327847751000036,-0.00900519399994,0.0],[109.327916224000035,-0.009063728999934,0.0],[109.32798469800008,-0.009122263999927,0.0],[109.328053171000079,-0.009180798999978,0.0],[109.328121645000067,-0.009239333999972,0.0],[109.328190118000066,-0.009297868999965,0.0],[109.328258591000065,-0.009356403999959,0.0],[109.328327065000053,-0.009414938999953,0.0],[109.328395539000041,-0.009473474999936,0.0],[109.32846401200004,-0.00953200999993,0.0],[109.328532485000039,-0.00959054499998,0.0],[109.328600959000084,-0.009649078999928,0.0],[109.328669432000083,-0.009707613999979,0.0],[109.328737905000082,-0.009766149999962,0.0],[109.328806379000071,-0.009824684999955,0.0],[109.328874853000059,-0.009883219999949,0.0],[109.328943325000068,-0.009941754999943,0.0],[109.329011799000057,-0.010000289999937,0.0],[109.329080273000045,-0.010058825999977,0.0],[109.329148746000044,-0.010117360999971,0.0],[109.329217219000043,-0.010175894999975,0.0],[109.329285693000088,-0.010234429999969,0.0],[109.329354166000087,-0.010292965999952,0.0],[109.329422640000075,-0.010351500999946,0.0],[109.329491113000074,-0.010410035999939,0.0],[109.329559586000073,-0.010468570999933,0.0],[109.329628060000061,-0.010527105999927,0.0],[109.32969653400005,-0.010585641999967,0.0],[109.329765007000049,-0.010644176999961,0.0],[109.329833480000048,-0.010702711999954,0.0],[109.329901954000036,-0.010761246999948,0.0],[109.329970428000081,-0.010819782999931,0.0],[109.330038900000034,-0.010878317999925,0.0],[109.330107374000079,-0.010936852999976,0.0],[109.330175848000067,-0.010995387999969,0.0],[109.330244640000046,-0.011053536999952,0.0],[109.330314155000053,-0.011110813999949,0.0],[109.33038367100005,-0.011168091999934,0.0],[109.330453186000057,-0.011225368999931,0.0],[109.330522702000053,-0.011282644999937,0.0],[109.330592218000049,-0.011339921999934,0.0],[109.330661733000056,-0.01139719899993,0.0],[109.330731248000063,-0.011454474999937,0.0],[109.33080076400006,-0.011511751999933,0.0],[109.330870280000056,-0.011569028999929,0.0],[109.330939795000063,-0.011626305999926,0.0],[109.33100931000007,-0.011683582999979,0.0],[109.331078826000066,-0.011740859999975,0.0],[109.331148342000063,-0.011798136999971,0.0],[109.33121785700007,-0.011855412999978,0.0],[109.331287373000066,-0.011912689999974,0.0],[109.331356888000073,-0.01196996699997,0.0],[109.331426404000069,-0.012027243999967,0.0],[109.331495919000076,-0.012084520999963,0.0],[109.331565435000073,-0.012141797999959,0.0],[109.331634951000069,-0.012199073999966,0.0],[109.331704466000076,-0.012256350999962,0.0],[109.331773981000083,-0.012313627999958,0.0],[109.331843497000079,-0.012370904999955,0.0],[109.331913013000076,-0.012428181999951,0.0],[109.331982528000083,-0.012485458999947,0.0],[109.332052043000033,-0.012542735999943,0.0],[109.332121559000086,-0.01260001199995,0.0],[109.332191075000082,-0.012657288999947,0.0],[109.332260590000033,-0.012714566999932,0.0],[109.332330106000086,-0.012771842999939,0.0],[109.332399621000036,-0.012829119999935,0.0],[109.332469137000032,-0.012886396999932,0.0],[109.332538652000039,-0.012943673999928,0.0],[109.332608168000036,-0.013000950999924,0.0],[109.332677683000043,-0.013058227999977,0.0],[109.332747199000039,-0.013115504999973,0.0],[109.332816714000046,-0.01317278099998,0.0],[109.332886230000042,-0.013230058999966,0.0],[109.332955746000039,-0.013287335999962,0.0],[109.333025261000046,-0.013344611999969,0.0],[109.333094776000053,-0.013401888999965,0.0],[109.333164292000049,-0.013459166999951,0.0],[109.333233808000045,-0.013516443999947,0.0],[109.333303324000042,-0.013573719999954,0.0],[109.333372838000059,-0.01363099699995,0.0],[109.333442354000056,-0.013688274999936,0.0],[109.333511870000052,-0.013745550999943,0.0],[109.333581386000048,-0.013802827999939,0.0],[109.333650901000055,-0.013860105999925,0.0],[109.333720416000062,-0.013917381999931,0.0],[109.333789932000059,-0.013974658999928,0.0],[109.333859448000055,-0.014031935999924,0.0],[109.333928963000062,-0.014089213999966,0.0],[109.333985467000048,-0.01413576899995,0.0],[109.333998479000059,-0.014146489999973,0.0],[109.334067994000065,-0.01420376699997,0.0],[109.334137510000062,-0.014261044999955,0.0],[109.334207025000069,-0.014318320999962,0.0],[109.334276541000065,-0.014375597999958,0.0],[109.334346057000062,-0.014432875999944,0.0],[109.334415572000069,-0.014490151999951,0.0],[109.334485088000065,-0.014547428999947,0.0],[109.334554603000072,-0.014604706999933,0.0],[109.334624119000068,-0.014661983999929,0.0],[109.334763150000072,-0.014776537999978,0.0],[109.33352250300004,-0.016431544999932,0.0],[109.333186613000066,-0.016845816999933,0.0],[109.332961700000055,-0.017180924999934,0.0],[109.332817756000054,-0.017425463999928,0.0],[109.332707821000042,-0.017511332999959,0.0],[109.332706702000053,-0.017512204999946,0.0],[109.332657131000076,-0.017550746999973,0.0],[109.332295962000046,-0.017833024999959,0.0],[109.332238836000045,-0.017868069999963,0.0],[109.331720190000055,-0.018186242999946,0.0],[109.331153416000063,-0.018367377999937,0.0],[109.33050567500004,-0.018521340999939,0.0],[109.329830945000083,-0.018630018999943,0.0],[109.328958295000064,-0.018793036999966,0.0],[109.327815754000085,-0.019001336999963,0.0],[109.326637322000067,-0.019200951999949,0.0],[109.326564753000071,-0.019213243999957,0.0],[109.326561276000064,-0.019230081999979,0.0],[109.325675731000047,-0.019388553999931,0.0],[109.324734794000051,-0.01958493099994,0.0],[109.32348403900005,-0.019769751999945,0.0],[109.322290658000043,-0.020000782999944,0.0],[109.32086778200005,-0.020278018999932,0.0],[109.319961272000057,-0.020462842999962,0.0],[109.318343326000047,-0.02076318099995,0.0],[109.317957547000049,-0.020851753999978,0.0],[109.315509053000085,-0.021444722999945,0.0],[109.313076400000057,-0.022126267999965,0.0],[109.311183062000055,-0.02272695399995,0.0],[109.30938152300007,-0.023466263999978,0.0],[109.307671783000046,-0.024147812999956,0.0],[109.30667347900004,-0.024540569999942,0.0],[109.304952265000054,-0.025291428999935,0.0],[109.303024506000042,-0.026180907999958,0.0],[109.302033086000051,-0.02667994199993,0.0],[109.301280344000077,-0.027058835999981,0.0],[109.299777149000079,-0.028086941999959,0.0],[109.297998560000053,-0.029311425999936,0.0],[109.296942882000053,-0.030016079999939,0.0],[109.295451162000063,-0.031113492999964,0.0],[109.294659402000036,-0.031714181999973,0.0],[109.293007034000084,-0.033065732999944,0.0],[109.291675958000042,-0.034267111999952,0.0],[109.290184232000058,-0.035780387999978,0.0],[109.289403945000061,-0.03653124899995,0.0],[109.287774521000074,-0.038171589999934,0.0],[109.28553693300006,-0.040366406999965,0.0],[109.284971274000043,-0.040900263999958,0.0],[109.28477679100007,-0.041083811999954,0.0],[109.284764228000085,-0.04106933199995,0.0],[109.284432305000053,-0.041359429999943,0.0],[109.282388259000072,-0.043246606999958,0.0],[109.282017479000046,-0.042614378999929,0.0],[109.281777778000048,-0.042388888999938,0.0],[109.280110892000039,-0.039646982999955,0.0],[109.275377377000041,-0.031860694999978,0.0],[109.27416764700007,-0.029870774999949,0.0],[109.274660773000051,-0.029302944999927,0.0],[109.274808121000035,-0.029118592999964,0.0],[109.27535479800008,-0.028434620999974,0.0],[109.276898528000061,-0.026366806999931,0.0],[109.277415481000048,-0.025657333999959,0.0],[109.278027507000047,-0.024832585999945,0.0],[109.278841560000046,-0.023757084999943,0.0],[109.279258688000084,-0.023128421999957,0.0],[109.279985988000078,-0.022168195999939,0.0],[109.280616434000081,-0.021368997999957,0.0],[109.28109773500006,-0.020908493999968,0.0],[109.281564990000049,-0.02050445499998,0.0],[109.281602804000045,-0.020471756999939,0.0],[109.28197881300008,-0.020195691999959,0.0],[109.282463680000035,-0.019874824999931,0.0],[109.283169589000067,-0.019496912999955,0.0],[109.284022859000061,-0.019127796999953,0.0],[109.284921289000067,-0.018733248999979,0.0],[109.285681863000036,-0.018438525999954,0.0],[109.285683178000056,-0.018436626999971,0.0],[109.285724646000062,-0.018376729999943,0.0],[109.285648588000072,-0.017730239999935,0.0],[109.285515488000044,-0.017373403999954,0.0],[109.285401402000048,-0.016850507999948,0.0],[109.285406155000032,-0.016650857999934,0.0],[109.28552499500006,-0.016099439999948,0.0],[109.285617928000079,-0.01562669499998,0.0],[109.285748651000063,-0.015103799999963,0.0],[109.285980390000077,-0.013891632999957,0.0],[109.285968505000085,-0.013630185999943,0.0],[109.285830651000083,-0.013147695999976,0.0],[109.285726072000045,-0.012691350999944,0.0],[109.285707058000071,-0.012268280999933,0.0],[109.285768855000072,-0.012068629999931,0.0],[109.28592334700005,-0.011604678999959,0.0],[109.286279866000086,-0.010841726999956,0.0],[109.28650090800005,-0.010185730999979,0.0],[109.286743341000033,-0.009558256999981,0.0],[109.286964384000044,-0.00883095699993,0.0],[109.286957253000082,-0.008574262999957,0.0],[109.287037272000077,-0.008004820999929,0.0],[109.287066982000056,-0.00723830499993,0.0],[109.287108576000037,-0.006679757999962,0.0],[109.287114518000067,-0.006210339999939,0.0],[109.287001620000069,-0.006002369999976,0.0],[109.286971910000034,-0.005865703999973,0.0],[109.286923978000061,-0.005455706999953,0.0],[109.286822964000066,-0.004825855999968,0.0],[109.286686298000063,-0.004225714999961,0.0],[109.28662687800005,-0.003637456999968,0.0],[109.286587661000056,-0.003109311999935,0.0],[109.286594791000084,-0.002503229999945,0.0],[109.286651834000054,-0.002203752999947,0.0],[109.286687487000052,-0.001611929999967,0.0],[109.286780182000086,-0.000977325999941,0.0],[109.286801573000048,-0.000499588999958,0.0],[109.286858616000075,-0.000171590999969,0.0],[109.286958441000081,0.000512927000045,0.0],[109.286929920000034,0.001482659000033,0.0],[109.286944181000081,0.002780391000044,0.0],[109.287050645000079,0.003915598000049,0.0],[109.287053984000067,0.003951201000064,0.0],[109.287181130000079,0.005306931000064,0.0],[109.287227032000033,0.005796356000076,0.0],[109.287237182000069,0.005904581000038,0.0],[109.287673109000082,0.005795738000074,0.0],[109.287760287000083,0.005773939000051,0.0],[109.287847465000084,0.005752141000073,0.0],[109.287934643000085,0.005730343000039,0.0],[109.288021822000076,0.005708544000072,0.0],[109.288109,0.005686746000038,0.0],[109.288196178000078,0.005664946000024,0.0],[109.288283357000068,0.005643148000047,0.0],[109.288370536000059,0.005621349000023,0.0],[109.28845771400006,0.005599551000046,0.0],[109.288544892000061,0.005577752000022,0.0],[109.288632070000062,0.005555954000044,0.0],[109.288719249000053,0.005534155000021,0.0],[109.288805914000079,0.005510575000073,0.0],[109.288891135000085,0.005481991000067,0.0],[109.28897635800007,0.005453408000051,0.0],[109.289061580000066,0.005424824000045,0.0],[109.289146802000062,0.005396240000039,0.0],[109.289232023000068,0.005367656000033,0.0],[109.289317245000063,0.005339072000027,0.0],[109.289402467000059,0.005310488000021,0.0],[109.289487690000044,0.005281904000071,0.0],[109.28957291100005,0.005253320000065,0.0],[109.289658133000046,0.005224737000049,0.0],[109.289743355000041,0.005196152000053,0.0],[109.289828577000037,0.005167568000047,0.0],[109.289913799000033,0.005138985000031,0.0],[109.289999021000085,0.005110401000024,0.0],[109.290084243000081,0.005081816000029,0.0],[109.290169465000076,0.005053233000069,0.0],[109.290254687000072,0.005024649000063,0.0],[109.290339909000068,0.004996065000057,0.0],[109.290425131000063,0.004967481000051,0.0],[109.290510353000059,0.004938897000045,0.0],[109.290595575000054,0.004910313000039,0.0],[109.29068079700005,0.004881729000033,0.0],[109.290766019000046,0.004853145000027,0.0],[109.290851241000041,0.004824561000021,0.0],[109.290936071000033,0.004794950000075,0.0],[109.291018381000072,0.004758735000053,0.0],[109.291100690000064,0.00472251900004,0.0],[109.291183,0.004686304000074,0.0],[109.291265310000085,0.004650089000052,0.0],[109.291347619000078,0.004613873000039,0.0],[109.29142992900006,0.004577657000027,0.0],[109.291512239000042,0.004541442000061,0.0],[109.291594548000035,0.004505226000049,0.0],[109.291676857000084,0.004469011000026,0.0],[109.291759167000066,0.004432795000071,0.0],[109.291841477000048,0.004396580000048,0.0],[109.291923786000041,0.004360364000036,0.0],[109.29200609600008,0.004324148000023,0.0],[109.292087984000034,0.00428697600006,0.0],[109.292169843000067,0.004249743000059,0.0],[109.29225170400008,0.00421250900007,0.0],[109.292333564000046,0.004175274000033,0.0],[109.292415424000069,0.004138041000033,0.0],[109.292497284000035,0.004100807000043,0.0],[109.292579144000058,0.004063573000053,0.0],[109.292661004000081,0.004026339000063,0.0],[109.292742864000047,0.003989105000073,0.0],[109.29282472500006,0.003951871000027,0.0],[109.292906584000036,0.003914637000037,0.0],[109.292988445000049,0.003877403000047,0.0],[109.293070305000072,0.003840169000057,0.0],[109.293152165000038,0.003802935000067,0.0],[109.293234025000061,0.00376570100002,0.0],[109.293315886000073,0.00372846700003,0.0],[109.29339774500005,0.00369123400003,0.0],[109.293479605000073,0.003653999000051,0.0],[109.293561466000085,0.003616765000061,0.0],[109.293643325000062,0.00357953200006,0.0],[109.293725186000074,0.003542297000024,0.0],[109.29380704600004,0.003505063000034,0.0],[109.293888906000063,0.003467830000034,0.0],[109.293970766000086,0.003430596000044,0.0],[109.294053918000088,0.003396398000064,0.0],[109.294137171000045,0.003362437000021,0.0],[109.294220424000059,0.003328476000036,0.0],[109.294303677000073,0.00329451500005,0.0],[109.294386929000041,0.003260554000065,0.0],[109.294470182000055,0.003226593000022,0.0],[109.294553434000079,0.003192632000037,0.0],[109.294636687000036,0.003158671000051,0.0],[109.29471994000005,0.003124710000066,0.0],[109.294803192000074,0.003090749000023,0.0],[109.294886445000088,0.003056788000038,0.0],[109.294969698000045,0.003022827000052,0.0],[109.29505295000007,0.002988866000067,0.0],[109.295136472000081,0.002955598000028,0.0],[109.295220492000055,0.00292360900005,0.0],[109.295304512000087,0.002891619000025,0.0],[109.295388532000061,0.002859631000035,0.0],[109.295472551000046,0.002827641000067,0.0],[109.295556571000077,0.002795653000021,0.0],[109.295640590000062,0.002763664000042,0.0],[109.295724611000082,0.002731674000074,0.0],[109.295808631000057,0.002699686000028,0.0],[109.295892650000042,0.00266769600006,0.0],[109.295976670000073,0.002635707000024,0.0],[109.296060689000058,0.002603718000046,0.0],[109.296144710000078,0.002571729000067,0.0],[109.296228730000053,0.002539740000032,0.0],[109.296316402000059,0.002520569000069,0.0],[109.296404487000075,0.002502843000059,0.0],[109.296492572000034,0.002485116000059,0.0],[109.29658065700005,0.002467390000049,0.0],[109.296668742000065,0.00244966300005,0.0],[109.296756827000081,0.00243193700004,0.0],[109.29684491200004,0.00241421000004,0.0],[109.296932996000066,0.00239648400003,0.0],[109.297021081000082,0.002378757000031,0.0],[109.297109166000041,0.002361031000021,0.0],[109.297197251000057,0.002343304000021,0.0],[109.297285336000073,0.002325577000022,0.0],[109.297373791000041,0.002309871000023,0.0],[109.297462363000079,0.002294801000062,0.0],[109.297550934000071,0.002279730000055,0.0],[109.297639505000063,0.002264660000037,0.0],[109.297728077000045,0.00224958900003,0.0],[109.297816648000037,0.002234518000023,0.0],[109.297905220000075,0.002219448000062,0.0],[109.297993792000057,0.002204377000055,0.0],[109.298082362000059,0.002189307000037,0.0],[109.298170934000041,0.00217423600003,0.0],[109.298259505000033,0.002159166000069,0.0],[109.298348077000071,0.002144095000062,0.0],[109.298436649000053,0.002129025000045,0.0],[109.298525220000045,0.002113954000038,0.0],[109.298613792000083,0.00209888400002,0.0],[109.298702362000085,0.00208381300007,0.0],[109.298790934000067,0.002068741000073,0.0],[109.298879506000048,0.002053671000056,0.0],[109.29896807700004,0.002038600000049,0.0]]]]}},
{"type":"Feature","properties":{"WADMKC":"Pontianak Kota","WADMKK":"Kota Pontianak","WADMPR":"Kalimantan Barat","WIADKC":null,"WIADKK":null,"WIADPR":null,"WIADKD":null,"NAMOBJ":"Pontianak Kota"},"geometry":{"type":"MultiPolygon","coordinates":[[[[109.305897056000049,-0.061280625999927,0.0],[109.305621514000052,-0.061576153999965,0.0],[109.305407363000086,-0.061801727999978,0.0],[109.305161803000033,-0.062050143999954,0.0],[109.304876268000044,-0.062321401999952,0.0],[109.304634990000068,-0.062558396999975,0.0],[109.304417983000064,-0.062771119999979,0.0],[109.304223820000061,-0.062968138999963,0.0],[109.304009667000059,-0.063189429999966,0.0],[109.303941806000068,-0.06326000699994,0.0],[109.303900958000042,-0.063220189999925,0.0],[109.303814163000084,-0.063309324999977,0.0],[109.303813613000045,-0.063309888999925,0.0],[109.303802819000055,-0.063297026999976,0.0],[109.303505709000035,-0.062943004999966,0.0],[109.303539794000073,-0.062910187999933,0.0],[109.303548919000036,-0.062901401999966,0.0],[109.303317520000064,-0.062623120999945,0.0],[109.303079311000033,-0.062333610999929,0.0],[109.302739748000079,-0.061922183999968,0.0],[109.302656660000082,-0.061815370999966,0.0],[109.30279433000004,-0.061713773999941,0.0],[109.302815796000061,-0.061714170999949,0.0],[109.303017717000046,-0.061550741999952,0.0],[109.30308440500005,-0.061555175999956,0.0],[109.303160275000039,-0.061487076999924,0.0],[109.303017618000069,-0.06131907799994,0.0],[109.303015286000061,-0.061316911999938,0.0],[109.302989732000071,-0.061293175999936,0.0],[109.302855069000088,-0.06114006699994,0.0],[109.302770807000059,-0.061000675999935,0.0],[109.302090887000077,-0.06010479899993,0.0],[109.302144728000087,-0.060040873999981,0.0],[109.302176240000051,-0.06002974699993,0.0],[109.302201189000073,-0.060004650999929,0.0],[109.302257388000044,-0.05994812299997,0.0],[109.302227944000037,-0.059826176999934,0.0],[109.302090090000036,-0.059669307999968,0.0],[109.301049053000042,-0.058385837999936,0.0],[109.299380541000062,-0.056517675999942,0.0],[109.298832207000089,-0.055936263999968,0.0],[109.297631218000049,-0.05466282499998,0.0],[109.296785079000074,-0.053750134999973,0.0],[109.29695620800004,-0.053626540999971,0.0],[109.295454072000041,-0.051981798999975,0.0],[109.292878614000074,-0.049485567999966,0.0],[109.291233870000042,-0.047945403999961,0.0],[109.290559401000053,-0.047235918999945,0.0],[109.286430510000059,-0.042892674999962,0.0],[109.285465383000087,-0.041877442999976,0.0],[109.28477679100007,-0.041083811999954,0.0],[109.284971274000043,-0.040900263999958,0.0],[109.28553693300006,-0.040366406999965,0.0],[109.287774521000074,-0.038171589999934,0.0],[109.289403945000061,-0.03653124899995,0.0],[109.290184232000058,-0.035780387999978,0.0],[109.291675958000042,-0.034267111999952,0.0],[109.293007034000084,-0.033065732999944,0.0],[109.294659402000036,-0.031714181999973,0.0],[109.295451162000063,-0.031113492999964,0.0],[109.296942882000053,-0.030016079999939,0.0],[109.297998560000053,-0.029311425999936,0.0],[109.299777149000079,-0.028086941999959,0.0],[109.301280344000077,-0.027058835999981,0.0],[109.302033086000051,-0.02667994199993,0.0],[109.303024506000042,-0.026180907999958,0.0],[109.304952265000054,-0.025291428999935,0.0],[109.30667347900004,-0.024540569999942,0.0],[109.307671783000046,-0.024147812999956,0.0],[109.30938152300007,-0.023466263999978,0.0],[109.311183062000055,-0.02272695399995,0.0],[109.313076400000057,-0.022126267999965,0.0],[109.315509053000085,-0.021444722999945,0.0],[109.317957547000049,-0.020851753999978,0.0],[109.318343326000047,-0.02076318099995,0.0],[109.319961272000057,-0.020462842999962,0.0],[109.32086778200005,-0.020278018999932,0.0],[109.322290658000043,-0.020000782999944,0.0],[109.32348403900005,-0.019769751999945,0.0],[109.324734794000051,-0.01958493099994,0.0],[109.325675731000047,-0.019388553999931,0.0],[109.326561276000064,-0.019230081999979,0.0],[109.326564753000071,-0.019213243999957,0.0],[109.326637322000067,-0.019200951999949,0.0],[109.327815754000085,-0.019001336999963,0.0],[109.328958295000064,-0.018793036999966,0.0],[109.329830945000083,-0.018630018999943,0.0],[109.33050567500004,-0.018521340999939,0.0],[109.331153416000063,-0.018367377999937,0.0],[109.331720190000055,-0.018186242999946,0.0],[109.332238836000045,-0.017868069999963,0.0],[109.332295962000046,-0.017833024999959,0.0],[109.332657131000076,-0.017550746999973,0.0],[109.332706702000053,-0.017512204999946,0.0],[109.332707821000042,-0.017511332999959,0.0],[109.332817756000054,-0.017425463999928,0.0],[109.332961700000055,-0.017180924999934,0.0],[109.333186613000066,-0.016845816999933,0.0],[109.33352250300004,-0.016431544999932,0.0],[109.334763150000072,-0.014776537999978,0.0],[109.335180243000082,-0.015120199999956,0.0],[109.335249759000078,-0.015177476999952,0.0],[109.335289505000048,-0.015210225999965,0.0],[109.335319275000074,-0.015234754999938,0.0],[109.335388790000081,-0.015292030999944,0.0],[109.335456053000087,-0.01535193999996,0.0],[109.335522616000048,-0.015412667999954,0.0],[109.335589179000067,-0.015473396999937,0.0],[109.335655742000085,-0.015534123999942,0.0],[109.335722306000036,-0.015594851999936,0.0],[109.335788869000055,-0.01565557999993,0.0],[109.335855432000074,-0.01571630799998,0.0],[109.335921995000035,-0.015777036999964,0.0],[109.335988558000054,-0.015837763999969,0.0],[109.336055120000083,-0.015898491999963,0.0],[109.336121683000044,-0.015959219999957,0.0],[109.336188246000063,-0.016019947999951,0.0],[109.336254809000081,-0.016080676999934,0.0],[109.336321372000043,-0.016141403999939,0.0],[109.336387935000062,-0.016202132999979,0.0],[109.33645449800008,-0.016262860999973,0.0],[109.336521061000042,-0.016323587999977,0.0],[109.33658762400006,-0.016384316999961,0.0],[109.336654186000032,-0.016445043999965,0.0],[109.336720749000051,-0.016505772999949,0.0],[109.33678731200007,-0.016566500999943,0.0],[109.336853876000077,-0.016627228999937,0.0],[109.336920439000039,-0.016687956999931,0.0],[109.336987002000058,-0.016748684999925,0.0],[109.337053565000076,-0.016809412999976,0.0],[109.337120128000038,-0.01687014099997,0.0],[109.337186691000056,-0.016930868999964,0.0],[109.337253254000075,-0.016991596999958,0.0],[109.337319816000047,-0.017052325999941,0.0],[109.337386379000066,-0.017113052999946,0.0],[109.337452942000084,-0.017173781999929,0.0],[109.337519505000046,-0.017234508999934,0.0],[109.337586068000064,-0.017295237999974,0.0],[109.337652631000083,-0.017355965999968,0.0],[109.337691828000061,-0.017391726999961,0.0],[109.337719194000044,-0.017416693999962,0.0],[109.337785757000063,-0.017477421999956,0.0],[109.337852320000081,-0.01753815099994,0.0],[109.337918883000043,-0.017598877999944,0.0],[109.337985446000062,-0.017659606999928,0.0],[109.33805200900008,-0.017720333999932,0.0],[109.338112761000048,-0.017775760999939,0.0],[109.338118572000042,-0.017781062999973,0.0],[109.33818513500006,-0.017841790999967,0.0],[109.338239583000075,-0.01789146599998,0.0],[109.338251698000079,-0.017902518999961,0.0],[109.33831826100004,-0.017963247999944,0.0],[109.338384824000059,-0.018023975999938,0.0],[109.338451387000077,-0.018084703999932,0.0],[109.338517950000039,-0.018145431999926,0.0],[109.338584512000068,-0.018206159999977,0.0],[109.338651075000087,-0.018266887999971,0.0],[109.338717638000048,-0.018327616999954,0.0],[109.338784202000056,-0.018388343999959,0.0],[109.338850765000075,-0.018449072999942,0.0],[109.338917328000036,-0.018509800999936,0.0],[109.338983891000055,-0.018570528999931,0.0],[109.339050454000073,-0.018631257999971,0.0],[109.339117017000035,-0.018691984999975,0.0],[109.339183579000064,-0.018752713999959,0.0],[109.339250142000083,-0.018813441999953,0.0],[109.339316705000044,-0.018874169999947,0.0],[109.339383268000063,-0.01893489899993,0.0],[109.339449831000081,-0.018995625999935,0.0],[109.339516394000043,-0.019056354999975,0.0],[109.339582957000061,-0.019117083999959,0.0],[109.339649521000069,-0.019177810999963,0.0],[109.339716084000088,-0.019238539999947,0.0],[109.33978264700005,-0.019299267999941,0.0],[109.339849209000079,-0.019359995999935,0.0],[109.33991577200004,-0.019420724999975,0.0],[109.339982335000059,-0.01948145199998,0.0],[109.340048898000077,-0.019542180999963,0.0],[109.340115461000039,-0.019602909999946,0.0],[109.340182024000057,-0.019663636999951,0.0],[109.340248587000076,-0.019724365999934,0.0],[109.340315150000038,-0.019785093999928,0.0],[109.340381713000056,-0.019845821999979,0.0],[109.340448276000075,-0.019906550999963,0.0],[109.340514839000036,-0.019967278999957,0.0],[109.340581402000055,-0.020028006999951,0.0],[109.340647965000073,-0.020088735999934,0.0],[109.340714528000035,-0.020149463999928,0.0],[109.340781091000053,-0.020210191999979,0.0],[109.340848763000054,-0.02026959899996,0.0],[109.340919375000055,-0.020325498999966,0.0],[109.340989989000036,-0.020381399999962,0.0],[109.341060601000038,-0.020437299999969,0.0],[109.341131214000086,-0.020493200999965,0.0],[109.341201827000077,-0.020549101999961,0.0],[109.341272439000079,-0.020605001999968,0.0],[109.34134305300006,-0.020660902999964,0.0],[109.341413666000051,-0.020716802999971,0.0],[109.341484278000053,-0.020772703999967,0.0],[109.341554891000044,-0.020828604999963,0.0],[109.341625504000035,-0.02088450499997,0.0],[109.341696117000083,-0.020940405999966,0.0],[109.341766730000074,-0.020996306999962,0.0],[109.341837342000076,-0.021052206999968,0.0],[109.341907955000067,-0.021108107999964,0.0],[109.341978569000048,-0.021164007999971,0.0],[109.34204918100005,-0.021219908999967,0.0],[109.342119794000041,-0.021275809999963,0.0],[109.342190407000032,-0.02133170999997,0.0],[109.342261019000034,-0.021387610999966,0.0],[109.342331633000072,-0.021443510999973,0.0],[109.342402245000073,-0.021499411999969,0.0],[109.342472858000065,-0.021555312999965,0.0],[109.342543471000056,-0.021611213999961,0.0],[109.342614084000047,-0.021667113999968,0.0],[109.342684697000038,-0.021723014999964,0.0],[109.342755310000086,-0.02177891499997,0.0],[109.342825922000088,-0.021834815999966,0.0],[109.342848561000039,-0.02185273799995,0.0],[109.342896535000079,-0.021890716999962,0.0],[109.34296714900006,-0.021946616999969,0.0],[109.343037761000062,-0.022002517999965,0.0],[109.343108374000053,-0.022058417999972,0.0],[109.343178987000044,-0.022114319999957,0.0],[109.343249599000046,-0.022170219999964,0.0],[109.343320213000084,-0.02222612099996,0.0],[109.343390826000075,-0.022282020999967,0.0],[109.343461438000077,-0.022337922999952,0.0],[109.343526525000073,-0.02239990399994,0.0],[109.343563566000057,-0.022439503999976,0.0],[109.343588109000052,-0.022465742999941,0.0],[109.343649692000042,-0.022531580999953,0.0],[109.343711276000079,-0.022597418999965,0.0],[109.343772860000058,-0.022663257999966,0.0],[109.343834443000048,-0.022729095999978,0.0],[109.343896026000039,-0.022794933999933,0.0],[109.343957610000075,-0.022860772999934,0.0],[109.344019193000065,-0.022926610999946,0.0],[109.344080777000045,-0.022992448999958,0.0],[109.34413578300007,-0.023063352999941,0.0],[109.344182785000044,-0.023140420999937,0.0],[109.344229787000074,-0.023217488999933,0.0],[109.344276788000059,-0.023294556999929,0.0],[109.344323790000033,-0.023371624999925,0.0],[109.344370791000074,-0.023448692999978,0.0],[109.344417793000048,-0.023525760999973,0.0],[109.344464794000089,-0.023602828999969,0.0],[109.344511796000063,-0.023679896999965,0.0],[109.344558799000083,-0.023756964999961,0.0],[109.344605800000068,-0.023834032999957,0.0],[109.344652802000041,-0.023911101999943,0.0],[109.344699803000083,-0.023988168999949,0.0],[109.344746805000057,-0.024065237999935,0.0],[109.344793806000041,-0.024142304999941,0.0],[109.344840808000072,-0.024219373999927,0.0],[109.344887810000046,-0.024296440999933,0.0],[109.344934811000087,-0.024373509999975,0.0],[109.344981813000061,-0.024450576999925,0.0],[109.345028814000045,-0.024527645999967,0.0],[109.345075817000065,-0.024604712999974,0.0],[109.34512281800005,-0.024681781999959,0.0],[109.345169820000081,-0.024758849999955,0.0],[109.345216821000065,-0.024835916999962,0.0],[109.345263823000039,-0.024912985999947,0.0],[109.34531082500007,-0.024990052999954,0.0],[109.345357826000054,-0.025067121999939,0.0],[109.345404828000085,-0.025144189999935,0.0],[109.345451829000069,-0.025221257999931,0.0],[109.345496051000055,-0.025299811999957,0.0],[109.34553311500008,-0.025382189999959,0.0],[109.345570180000038,-0.025464567999961,0.0],[109.345607245000053,-0.025546945999963,0.0],[109.345644310000068,-0.025629323999965,0.0],[109.344759018000047,-0.026080023999953,0.0],[109.344714452000062,-0.026085149999972,0.0],[109.344429480000088,-0.026251727999977,0.0],[109.344151910000051,-0.026371483999981,0.0],[109.343795033000049,-0.026551118999976,0.0],[109.343519068000035,-0.026708547999931,0.0],[109.343134974000066,-0.026948023999978,0.0],[109.342907149000041,-0.027166550999937,0.0],[109.342821448000052,-0.027226318999965,0.0],[109.342040977000067,-0.02777062399997,0.0],[109.341027326000074,-0.02836310999993,0.0],[109.34036345700008,-0.02878665399993,0.0],[109.339773350000087,-0.029155469999978,0.0],[109.338854878000063,-0.02983837599993,0.0],[109.338107728000068,-0.030354718999945,0.0],[109.337491447000048,-0.030811574999973,0.0],[109.336844234000068,-0.03141833799998,0.0],[109.335854378000079,-0.032370121999975,0.0],[109.335004911000055,-0.033191035999948,0.0],[109.334410045000084,-0.033769244999974,0.0],[109.333378311000047,-0.034760845999926,0.0],[109.333009109000045,-0.035117535999973,0.0],[109.333007350000059,-0.035119234999968,0.0],[109.332982119000064,-0.035143610999967,0.0],[109.332898035000085,-0.03534458799993,0.0],[109.332874864000075,-0.035402069999975,0.0],[109.332874798000034,-0.035402233999946,0.0],[109.33287438800005,-0.035403251999981,0.0],[109.332873972000073,-0.035404282999934,0.0],[109.332873903000063,-0.035404454999934,0.0],[109.332873848000077,-0.035404590999974,0.0],[109.332873781000046,-0.035404756999981,0.0],[109.332873622000079,-0.035405313999945,0.0],[109.332834913000056,-0.035540423999976,0.0],[109.332174612000074,-0.036066878999975,0.0],[109.331791421000048,-0.036326214999974,0.0],[109.331428057000039,-0.036643897999966,0.0],[109.330674362000082,-0.037289181999938,0.0],[109.330136194000033,-0.037761367999963,0.0],[109.329612839000049,-0.038258407999933,0.0],[109.329222792000053,-0.038586452999937,0.0],[109.328773497000043,-0.038969171999952,0.0],[109.32866296800006,-0.039068881999924,0.0],[109.328288236000049,-0.039367542999969,0.0],[109.32783994600004,-0.039791562999937,0.0],[109.327258881000034,-0.040302671999939,0.0],[109.326772043000062,-0.040713843999924,0.0],[109.326425118000088,-0.041026503999944,0.0],[109.325995927000065,-0.041409441999974,0.0],[109.325653119000037,-0.041722759999971,0.0],[109.324635539000042,-0.042667012999971,0.0],[109.324413854000056,-0.04286594499996,0.0],[109.324008993000064,-0.043288426999936,0.0],[109.32360413400005,-0.043681084999946,0.0],[109.32333641300005,-0.043943506999938,0.0],[109.322893160000035,-0.044352083999968,0.0],[109.322587046000081,-0.044665217999977,0.0],[109.322458676000053,-0.044794447999948,0.0],[109.322083440000085,-0.045177165999974,0.0],[109.321609457000079,-0.045649350999952,0.0],[109.321155224000051,-0.04607680099997,0.0],[109.320760238000048,-0.046454547999929,0.0],[109.320231946000035,-0.04698637599995,0.0],[109.319911020000063,-0.047309448999954,0.0],[109.319192641000086,-0.047990385999924,0.0],[109.318987741000058,-0.048214051999935,0.0],[109.318622380000079,-0.048571916999947,0.0],[109.318271829000082,-0.04893475199998,0.0],[109.317975591000049,-0.04923794299998,0.0],[109.317669476000049,-0.049541133999981,0.0],[109.317086872000061,-0.050122662999968,0.0],[109.316485053000065,-0.050704749999966,0.0],[109.316338588000065,-0.050856077999924,0.0],[109.316325015000075,-0.050868751999928,0.0],[109.316064087000086,-0.051131944999952,0.0],[109.315747116000068,-0.051434784999969,0.0],[109.315354605000039,-0.051816810999981,0.0],[109.314963084000055,-0.052209298999969,0.0],[109.314689445000056,-0.052479367999979,0.0],[109.314446744000065,-0.052718543999958,0.0],[109.314186190000044,-0.052974295999945,0.0],[109.313977550000061,-0.053184666999925,0.0],[109.313766214000054,-0.053394270999945,0.0],[109.313483666000081,-0.053668512999934,0.0],[109.313205608000032,-0.053947247999929,0.0],[109.312826716000075,-0.054327402999945,0.0],[109.312508670000057,-0.054630399999951,0.0],[109.312265965000051,-0.05487786499998,0.0],[109.312075608000043,-0.055058702999929,0.0],[109.311914994000063,-0.055231213999946,0.0],[109.311675859000047,-0.055462022999961,0.0],[109.311468846000082,-0.05565951799997,0.0],[109.311252314000058,-0.05586415199997,0.0],[109.311066717000074,-0.056054507999932,0.0],[109.310806384000045,-0.056325843999957,0.0],[109.31031452700006,-0.056825400999969,0.0],[109.310164745000066,-0.056972564999967,0.0],[109.309953510000071,-0.057180106999965,0.0],[109.309703052000089,-0.057453183999939,0.0],[109.309436553000069,-0.05773039099995,0.0],[109.309099859000071,-0.058058756999969,0.0],[109.308821244000058,-0.05833834799995,0.0],[109.308525468000084,-0.058640802999946,0.0],[109.307965826000043,-0.059212382999931,0.0],[109.307580287000064,-0.05959168399994,0.0],[109.307387550000044,-0.059780137999951,0.0],[109.307204808000051,-0.059942891999924,0.0],[109.30705204700007,-0.060084232999941,0.0],[109.306822191000037,-0.060344069999928,0.0],[109.306555216000049,-0.060621038999955,0.0],[109.306262541000081,-0.060927988999936,0.0],[109.305897056000049,-0.061280625999927,0.0]]]]}},
{"type":"Feature","properties":{"WADMKC":"Pontianak Selatan","WADMKK":"Kota Pontianak","WADMPR":"Kalimantan Barat","WIADKC":null,"WIADKK":null,"WIADPR":null,"WIADKD":null,"NAMOBJ":"Pontianak Selatan"},"geometry":{"type":"MultiPolygon","coordinates":[[[[109.334363705000044,-0.065872142999979,0.0],[109.333177742000089,-0.067276711999966,0.0],[109.331821117000061,-0.068834283999934,0.0],[109.331044819000056,-0.069800788999942,0.0],[109.330554473000063,-0.070534535999968,0.0],[109.328873934000057,-0.073123623999948,0.0],[109.327623954000046,-0.074979377999966,0.0],[109.326509355000042,-0.076665673999969,0.0],[109.325693603000047,-0.07792649299995,0.0],[109.324967867000055,-0.07900438799993,0.0],[109.323360803000071,-0.081287718999931,0.0],[109.322198743000058,-0.082987584999955,0.0],[109.321482320000086,-0.084016012999939,0.0],[109.321018325000068,-0.084622775999946,0.0],[109.320277778000047,-0.085277777999977,0.0],[109.310833333000062,-0.07972222199993,0.0],[109.310766242000057,-0.079682056999957,0.0],[109.307892194000033,-0.077961459999926,0.0],[109.306612768000036,-0.077219189999937,0.0],[109.306594168000061,-0.076761099999942,0.0],[109.306580113000052,-0.076290571999948,0.0],[109.306493152000087,-0.075829508999959,0.0],[109.306703386000038,-0.075297776999946,0.0],[109.306947782000066,-0.074642695999955,0.0],[109.307124415000033,-0.07416640699995,0.0],[109.307514721000075,-0.07303260499998,0.0],[109.30780285700007,-0.07233481399993,0.0],[109.307874265000066,-0.072173084999974,0.0],[109.307298857000035,-0.071627956999976,0.0],[109.307864677000055,-0.07097349999998,0.0],[109.306677513000068,-0.070155881999938,0.0],[109.305204277000087,-0.069158780999942,0.0],[109.305488403000084,-0.068828590999942,0.0],[109.305593428000066,-0.068706288999977,0.0],[109.305550464000078,-0.068634879999934,0.0],[109.305045699000061,-0.067999069999928,0.0],[109.304738049000036,-0.067611548999935,0.0],[109.305048236000061,-0.067293310999958,0.0],[109.304986017000033,-0.067242896999971,0.0],[109.305099468000037,-0.067125119999957,0.0],[109.305152980000059,-0.067167599999948,0.0],[109.305308942000067,-0.067006679999963,0.0],[109.305257833000042,-0.066967377999958,0.0],[109.305355399000064,-0.066830022999966,0.0],[109.305437157000085,-0.066893405999963,0.0],[109.305498260000036,-0.066830895999942,0.0],[109.305740018000051,-0.066583571999956,0.0],[109.305479704000049,-0.066385351999941,0.0],[109.305833135000057,-0.065886005999971,0.0],[109.306149100000084,-0.065462313999944,0.0],[109.306178295000052,-0.06542316499997,0.0],[109.305959087000076,-0.065262407999967,0.0],[109.305301384000074,-0.064779172999977,0.0],[109.305299756000068,-0.064777976999949,0.0],[109.305484376000038,-0.064544448999925,0.0],[109.305508748000079,-0.064513620999946,0.0],[109.305284598000071,-0.064365570999939,0.0],[109.305325466000056,-0.064295332999961,0.0],[109.304935096000065,-0.064017847999935,0.0],[109.304536130000088,-0.063723362999951,0.0],[109.304494628000043,-0.063643763999949,0.0],[109.304005435000079,-0.063322030999927,0.0],[109.303941806000068,-0.06326000699994,0.0],[109.304009667000059,-0.063189429999966,0.0],[109.304223820000061,-0.062968138999963,0.0],[109.304417983000064,-0.062771119999979,0.0],[109.304634990000068,-0.062558396999975,0.0],[109.304876268000044,-0.062321401999952,0.0],[109.305161803000033,-0.062050143999954,0.0],[109.305407363000086,-0.061801727999978,0.0],[109.305621514000052,-0.061576153999965,0.0],[109.305897056000049,-0.061280625999927,0.0],[109.306262541000081,-0.060927988999936,0.0],[109.306555216000049,-0.060621038999955,0.0],[109.306822191000037,-0.060344069999928,0.0],[109.30705204700007,-0.060084232999941,0.0],[109.307204808000051,-0.059942891999924,0.0],[109.307387550000044,-0.059780137999951,0.0],[109.307580287000064,-0.05959168399994,0.0],[109.307965826000043,-0.059212382999931,0.0],[109.308525468000084,-0.058640802999946,0.0],[109.308821244000058,-0.05833834799995,0.0],[109.309099859000071,-0.058058756999969,0.0],[109.309436553000069,-0.05773039099995,0.0],[109.309703052000089,-0.057453183999939,0.0],[109.309953510000071,-0.057180106999965,0.0],[109.310164745000066,-0.056972564999967,0.0],[109.31031452700006,-0.056825400999969,0.0],[109.310806384000045,-0.056325843999957,0.0],[109.311066717000074,-0.056054507999932,0.0],[109.311252314000058,-0.05586415199997,0.0],[109.311468846000082,-0.05565951799997,0.0],[109.311675859000047,-0.055462022999961,0.0],[109.311914994000063,-0.055231213999946,0.0],[109.312075608000043,-0.055058702999929,0.0],[109.312265965000051,-0.05487786499998,0.0],[109.312508670000057,-0.054630399999951,0.0],[109.312826716000075,-0.054327402999945,0.0],[109.313205608000032,-0.053947247999929,0.0],[109.313483666000081,-0.053668512999934,0.0],[109.313766214000054,-0.053394270999945,0.0],[109.313977550000061,-0.053184666999925,0.0],[109.314186190000044,-0.052974295999945,0.0],[109.314446744000065,-0.052718543999958,0.0],[109.314689445000056,-0.052479367999979,0.0],[109.314963084000055,-0.052209298999969,0.0],[109.315354605000039,-0.051816810999981,0.0],[109.315747116000068,-0.051434784999969,0.0],[109.316064087000086,-0.051131944999952,0.0],[109.316325015000075,-0.050868751999928,0.0],[109.316338588000065,-0.050856077999924,0.0],[109.316485053000065,-0.050704749999966,0.0],[109.317086872000061,-0.050122662999968,0.0],[109.317669476000049,-0.049541133999981,0.0],[109.317975591000049,-0.04923794299998,0.0],[109.318271829000082,-0.04893475199998,0.0],[109.318622380000079,-0.048571916999947,0.0],[109.318987741000058,-0.048214051999935,0.0],[109.319192641000086,-0.047990385999924,0.0],[109.319911020000063,-0.047309448999954,0.0],[109.320231946000035,-0.04698637599995,0.0],[109.320760238000048,-0.046454547999929,0.0],[109.321155224000051,-0.04607680099997,0.0],[109.321609457000079,-0.045649350999952,0.0],[109.322083440000085,-0.045177165999974,0.0],[109.322458676000053,-0.044794447999948,0.0],[109.322587046000081,-0.044665217999977,0.0],[109.322893160000035,-0.044352083999968,0.0],[109.32333641300005,-0.043943506999938,0.0],[109.32360413400005,-0.043681084999946,0.0],[109.324008993000064,-0.043288426999936,0.0],[109.324413854000056,-0.04286594499996,0.0],[109.324635539000042,-0.042667012999971,0.0],[109.325653119000037,-0.041722759999971,0.0],[109.325995927000065,-0.041409441999974,0.0],[109.326425118000088,-0.041026503999944,0.0],[109.326772043000062,-0.040713843999924,0.0],[109.327258881000034,-0.040302671999939,0.0],[109.32783994600004,-0.039791562999937,0.0],[109.328288236000049,-0.039367542999969,0.0],[109.32866296800006,-0.039068881999924,0.0],[109.328773497000043,-0.038969171999952,0.0],[109.329222792000053,-0.038586452999937,0.0],[109.329612839000049,-0.038258407999933,0.0],[109.330136194000033,-0.037761367999963,0.0],[109.330674362000082,-0.037289181999938,0.0],[109.331428057000039,-0.036643897999966,0.0],[109.331791421000048,-0.036326214999974,0.0],[109.332174612000074,-0.036066878999975,0.0],[109.332834913000056,-0.035540423999976,0.0],[109.332873622000079,-0.035405313999945,0.0],[109.332873781000046,-0.035404756999981,0.0],[109.332873848000077,-0.035404590999974,0.0],[109.332873903000063,-0.035404454999934,0.0],[109.332873972000073,-0.035404282999934,0.0],[109.33287438800005,-0.035403251999981,0.0],[109.332874798000034,-0.035402233999946,0.0],[109.332874864000075,-0.035402069999975,0.0],[109.332898035000085,-0.03534458799993,0.0],[109.332982119000064,-0.035143610999967,0.0],[109.333007350000059,-0.035119234999968,0.0],[109.333009109000045,-0.035117535999973,0.0],[109.333378311000047,-0.034760845999926,0.0],[109.334410045000084,-0.033769244999974,0.0],[109.335004911000055,-0.033191035999948,0.0],[109.335854378000079,-0.032370121999975,0.0],[109.336844234000068,-0.03141833799998,0.0],[109.337491447000048,-0.030811574999973,0.0],[109.338107728000068,-0.030354718999945,0.0],[109.338854878000063,-0.02983837599993,0.0],[109.339773350000087,-0.029155469999978,0.0],[109.34036345700008,-0.02878665399993,0.0],[109.341027326000074,-0.02836310999993,0.0],[109.342040977000067,-0.02777062399997,0.0],[109.342821448000052,-0.027226318999965,0.0],[109.342907149000041,-0.027166550999937,0.0],[109.343134974000066,-0.026948023999978,0.0],[109.343519068000035,-0.026708547999931,0.0],[109.343795033000049,-0.026551118999976,0.0],[109.344151910000051,-0.026371483999981,0.0],[109.344429480000088,-0.026251727999977,0.0],[109.344714452000062,-0.026085149999972,0.0],[109.344759018000047,-0.026080023999953,0.0],[109.345644310000068,-0.025629323999965,0.0],[109.346767093000039,-0.028124745999946,0.0],[109.346793322000053,-0.028183041999966,0.0],[109.346830388000058,-0.028265419999968,0.0],[109.346867452000083,-0.02834779799997,0.0],[109.346904517000041,-0.028430175999972,0.0],[109.346941582000056,-0.028512553999974,0.0],[109.346978647000071,-0.028594932999965,0.0],[109.34701571100004,-0.028677310999967,0.0],[109.347052777000044,-0.028759688999969,0.0],[109.34708984100007,-0.028842066999971,0.0],[109.347126906000085,-0.028924444999973,0.0],[109.347163971000043,-0.029006822999975,0.0],[109.347201036000058,-0.029089200999977,0.0],[109.347238100000084,-0.029171578999978,0.0],[109.347276417000046,-0.029253341999947,0.0],[109.347318093000069,-0.029333455999961,0.0],[109.347359770000082,-0.029413568999928,0.0],[109.34740144500006,-0.029493682999941,0.0],[109.347443121000083,-0.029573796999955,0.0],[109.347484798000039,-0.029653908999933,0.0],[109.347526473000073,-0.029734022999946,0.0],[109.34756814900004,-0.02981413699996,0.0],[109.347609826000053,-0.029894249999927,0.0],[109.347651501000087,-0.029974362999951,0.0],[109.347693177000053,-0.030054476999965,0.0],[109.347734853000077,-0.030134589999932,0.0],[109.347776529000043,-0.030214703999945,0.0],[109.347818205000067,-0.030294816999969,0.0],[109.347859881000034,-0.030374929999937,0.0],[109.347901557000057,-0.03045504399995,0.0],[109.34794323300008,-0.030535156999974,0.0],[109.347984909000047,-0.030615270999931,0.0],[109.348026585000071,-0.030695383999955,0.0],[109.348068261000037,-0.030775496999979,0.0],[109.348109937000061,-0.030855610999936,0.0],[109.348151613000084,-0.030935724999949,0.0],[109.348181605000036,-0.030993378999938,0.0],[109.348193289000051,-0.031015837999973,0.0],[109.348234965000074,-0.031095950999941,0.0],[109.348276641000041,-0.031176064999954,0.0],[109.348318316000075,-0.031256177999978,0.0],[109.348359993000088,-0.031336291999935,0.0],[109.348401669000054,-0.031416405999948,0.0],[109.348443344000088,-0.031496518999973,0.0],[109.348485020000055,-0.03157663199994,0.0],[109.348526697000068,-0.031656745999953,0.0],[109.348568372000045,-0.031736859999967,0.0],[109.348610048000069,-0.031816971999945,0.0],[109.348651724000035,-0.031897085999958,0.0],[109.348693400000059,-0.031977199999972,0.0],[109.348735076000082,-0.032057313999928,0.0],[109.348776752000049,-0.032137426999952,0.0],[109.348818427000083,-0.032217539999976,0.0],[109.348860104000039,-0.032297653999933,0.0],[109.348901780000062,-0.032377766999957,0.0],[109.34894345500004,-0.032457880999971,0.0],[109.348985131000063,-0.032537994999927,0.0],[109.349026807000087,-0.032618107999951,0.0],[109.349068483000053,-0.032698220999976,0.0],[109.349110159000077,-0.032778334999932,0.0],[109.349151835000043,-0.032858448999946,0.0],[109.349193510000077,-0.03293856199997,0.0],[109.349235187000033,-0.033018674999937,0.0],[109.349276863000057,-0.033098788999951,0.0],[109.349318538000034,-0.033178902999964,0.0],[109.349360214000058,-0.033259016999978,0.0],[109.349401890000081,-0.033339129999945,0.0],[109.349443566000048,-0.033419242999969,0.0],[109.349485242000071,-0.033499356999926,0.0],[109.349526918000038,-0.033579470999939,0.0],[109.349568594000061,-0.033659584999953,0.0],[109.349610269000038,-0.033739697999977,0.0],[109.349651945000062,-0.033819810999944,0.0],[109.349693622000075,-0.033899924999957,0.0],[109.349735297000052,-0.033980038999971,0.0],[109.349776973000075,-0.034060151999938,0.0],[109.349818649000042,-0.034140265999952,0.0],[109.349860324000076,-0.034220378999976,0.0],[109.349902001000089,-0.034300492999932,0.0],[109.349943677000056,-0.034380606999946,0.0],[109.349986134000062,-0.034460283999977,0.0],[109.35003153100007,-0.034538319999967,0.0],[109.350076929000068,-0.034616357999937,0.0],[109.350122326000076,-0.034694394999974,0.0],[109.350167724000073,-0.034772430999965,0.0],[109.350213121000081,-0.034850468999934,0.0],[109.350258519000079,-0.034928504999925,0.0],[109.350303916000087,-0.035006541999962,0.0],[109.350349313000038,-0.035084578999943,0.0],[109.350394711000035,-0.03516261599998,0.0],[109.350440108000043,-0.03524065199997,0.0],[109.350485506000041,-0.03531868999994,0.0],[109.350530904000038,-0.035396726999977,0.0],[109.350576301000046,-0.035474762999968,0.0],[109.350621698000054,-0.035552800999938,0.0],[109.350667096000052,-0.035630836999928,0.0],[109.35071249300006,-0.035708873999965,0.0],[109.350757891000057,-0.035786911999935,0.0],[109.350803288000066,-0.035864947999926,0.0],[109.350848686000063,-0.035942984999963,0.0],[109.350894083000071,-0.036021021999943,0.0],[109.350939480000079,-0.03609905899998,0.0],[109.350984878000077,-0.03617709599996,0.0],[109.351028505000045,-0.036252089999948,0.0],[109.351030275000085,-0.036255132999941,0.0],[109.351075673000082,-0.036333169999978,0.0],[109.35112107100008,-0.036411205999968,0.0],[109.351166467000041,-0.036489243999938,0.0],[109.351211865000039,-0.036567280999975,0.0],[109.351262684000062,-0.036641810999924,0.0],[109.351314108000054,-0.036715527999945,0.0],[109.351314311000067,-0.036715818999937,0.0],[109.351365938000072,-0.03678982699995,0.0],[109.351417564000087,-0.036863835999952,0.0],[109.351469191000035,-0.036937843999965,0.0],[109.35152081800004,-0.037011851999978,0.0],[109.351572444000055,-0.037085859999934,0.0],[109.35162407100006,-0.037159867999947,0.0],[109.351651793000087,-0.03719960799998,0.0],[109.351675698000065,-0.037233875999959,0.0],[109.35172732400008,-0.037307884999962,0.0],[109.351778951000085,-0.037381892999974,0.0],[109.351830578000033,-0.03745590099993,0.0],[109.351882204000049,-0.037529909999932,0.0],[109.351933831000053,-0.037603917999945,0.0],[109.351985457000069,-0.037677925999958,0.0],[109.352037084000074,-0.03775193499996,0.0],[109.352088711000079,-0.037825941999927,0.0],[109.352140337000037,-0.03789994999994,0.0],[109.352191964000042,-0.037973958999942,0.0],[109.352243591000047,-0.038047966999954,0.0],[109.352295217000062,-0.038121974999967,0.0],[109.352346844000067,-0.038195983999969,0.0],[109.352398471000072,-0.038269991999925,0.0],[109.352450097000087,-0.038344,0.0],[109.352504929000077,-0.03841551599993,0.0],[109.352563023000073,-0.038484493999931,0.0],[109.352621117000069,-0.038553471999933,0.0],[109.352679212000055,-0.038622449999934,0.0],[109.352737306000051,-0.038691427999936,0.0],[109.352795401000037,-0.038760405999938,0.0],[109.352853495000033,-0.038829383999939,0.0],[109.352911590000076,-0.038898361999941,0.0],[109.352969684000072,-0.038967339999942,0.0],[109.353027779000058,-0.039036318999933,0.0],[109.353067554000063,-0.039083545999972,0.0],[109.353085873000055,-0.039105296999935,0.0],[109.35314396800004,-0.039174274999937,0.0],[109.353202062000037,-0.039243252999938,0.0],[109.353260157000079,-0.03931223099994,0.0],[109.353318250000086,-0.039381208999941,0.0],[109.353376345000072,-0.039450186999943,0.0],[109.353434439000068,-0.039519164999945,0.0],[109.353492534000054,-0.039588143999936,0.0],[109.35355062800005,-0.039657121999937,0.0],[109.353608723000036,-0.039726098999949,0.0],[109.353666817000033,-0.039795076999951,0.0],[109.353724912000075,-0.039864054999953,0.0],[109.353753431000086,-0.039897916999962,0.0],[109.353783006000072,-0.039933032999954,0.0],[109.353841101000057,-0.040002011999945,0.0],[109.353899195000054,-0.040070989999947,0.0],[109.353957290000039,-0.040139967999949,0.0],[109.354015384000036,-0.04020894599995,0.0],[109.354073478000089,-0.040277923999952,0.0],[109.354131572000085,-0.040346902999943,0.0],[109.354189667000071,-0.040415880999944,0.0],[109.354251453000074,-0.040481485999976,0.0],[109.354314036000062,-0.040546362999976,0.0],[109.35437661900005,-0.040611239999976,0.0],[109.354439201000048,-0.040676116999975,0.0],[109.354501784000036,-0.040740993999975,0.0],[109.354564366000034,-0.040805870999975,0.0],[109.354626950000068,-0.040870747999975,0.0],[109.354689532000066,-0.040935624999975,0.0],[109.354752115000053,-0.041000501999974,0.0],[109.354814697000052,-0.041065378999974,0.0],[109.354877281000086,-0.041130255999974,0.0],[109.354939863000084,-0.041195132999974,0.0],[109.355002446000071,-0.041260010999963,0.0],[109.35506502800007,-0.041324887999963,0.0],[109.355127611000057,-0.041389764999963,0.0],[109.355174701000067,-0.041438580999966,0.0],[109.355113298000049,-0.041493622999951,0.0],[109.354323544000067,-0.042135729999927,0.0],[109.354246877000037,-0.042216979999978,0.0],[109.352795406000041,-0.043504862999953,0.0],[109.352299695000056,-0.04399058599995,0.0],[109.35167963300006,-0.044592583999929,0.0],[109.351648224000087,-0.04462684899994,0.0],[109.351645369000039,-0.044645407999951,0.0],[109.351645369000039,-0.044663968999942,0.0],[109.35166392800005,-0.044686810999963,0.0],[109.351925194000046,-0.044912383999929,0.0],[109.351916628000083,-0.04495093099996,0.0],[109.351813835000087,-0.045079421999958,0.0],[109.351382676000071,-0.045516291999945,0.0],[109.349694235000072,-0.04733424799997,0.0],[109.349201210000047,-0.048032857999942,0.0],[109.348686042000054,-0.048856193999939,0.0],[109.347960084000078,-0.049963074999937,0.0],[109.347653327000046,-0.050492665999968,0.0],[109.346941237000067,-0.051368156999956,0.0],[109.346632957000054,-0.051735688999941,0.0],[109.346539157000052,-0.051847516999942,0.0],[109.345727844000066,-0.052746325999976,0.0],[109.344920216000048,-0.053687817999958,0.0],[109.344006253000089,-0.054728092999937,0.0],[109.34296329700004,-0.055929401999947,0.0],[109.341881428000079,-0.057206304999966,0.0],[109.341351824000071,-0.057787851999933,0.0],[109.340581913000051,-0.058671593999975,0.0],[109.339475809000078,-0.059956092999926,0.0],[109.338500230000079,-0.061059567999962,0.0],[109.338089489000083,-0.061530545999972,0.0],[109.337906805000046,-0.06170450999997,0.0],[109.337763620000032,-0.061873501999969,0.0],[109.337388375000046,-0.062291012999935,0.0],[109.336976796000044,-0.06277784599996,0.0],[109.336976876000051,-0.062777935999975,0.0],[109.336567680000087,-0.063284478999947,0.0],[109.336053553000056,-0.06385808899995,0.0],[109.335145952000062,-0.064908461999948,0.0],[109.334363705000044,-0.065872142999979,0.0]]]]}},
{"type":"Feature","properties":{"WADMKC":"Pontianak Tenggara","WADMKK":"Kota Pontianak","WADMPR":"Kalimantan Barat","WIADKC":null,"WIADKK":null,"WIADPR":null,"WIADKD":null,"NAMOBJ":"Pontianak Tenggara"},"geometry":{"type":"MultiPolygon","coordinates":[[[[109.345762860000036,-0.094322579999925,0.0],[109.344835909000039,-0.095762916999945,0.0],[109.344426126000087,-0.096334128999956,0.0],[109.344365303000075,-0.096418911999933,0.0],[109.343944111000042,-0.096957397999972,0.0],[109.343802003000064,-0.097139080999966,0.0],[109.34340270000007,-0.097623946999931,0.0],[109.343010529000082,-0.098016117999975,0.0],[109.342891556000041,-0.098163300999943,0.0],[109.342830023000033,-0.098098022999977,0.0],[109.338254967000069,-0.095168437999973,0.0],[109.338001335000058,-0.095006027999943,0.0],[109.337223092000045,-0.095077142999969,0.0],[109.335854056000073,-0.095077142999969,0.0],[109.333611111000039,-0.095277776999978,0.0],[109.332331070000066,-0.095155867999949,0.0],[109.329569075000052,-0.094892820999974,0.0],[109.321944445000042,-0.094166666999968,0.0],[109.322087250000038,-0.092203598999959,0.0],[109.322212972000045,-0.090811969999947,0.0],[109.3225,-0.088055555999972,0.0],[109.322472499000071,-0.088021179999942,0.0],[109.320277778000047,-0.085277777999977,0.0],[109.321018325000068,-0.084622775999946,0.0],[109.321482320000086,-0.084016012999939,0.0],[109.322198743000058,-0.082987584999955,0.0],[109.323360803000071,-0.081287718999931,0.0],[109.324967867000055,-0.07900438799993,0.0],[109.325693603000047,-0.07792649299995,0.0],[109.326509355000042,-0.076665673999969,0.0],[109.327623954000046,-0.074979377999966,0.0],[109.328873934000057,-0.073123623999948,0.0],[109.330554473000063,-0.070534535999968,0.0],[109.331044819000056,-0.069800788999942,0.0],[109.331821117000061,-0.068834283999934,0.0],[109.333177742000089,-0.067276711999966,0.0],[109.334363705000044,-0.065872142999979,0.0],[109.335145952000062,-0.064908461999948,0.0],[109.336053553000056,-0.06385808899995,0.0],[109.336567680000087,-0.063284478999947,0.0],[109.336976876000051,-0.062777935999975,0.0],[109.336976796000044,-0.06277784599996,0.0],[109.337388375000046,-0.062291012999935,0.0],[109.337763620000032,-0.061873501999969,0.0],[109.337906805000046,-0.06170450999997,0.0],[109.338089489000083,-0.061530545999972,0.0],[109.338500230000079,-0.061059567999962,0.0],[109.339475809000078,-0.059956092999926,0.0],[109.340581913000051,-0.058671593999975,0.0],[109.341351824000071,-0.057787851999933,0.0],[109.341881428000079,-0.057206304999966,0.0],[109.34296329700004,-0.055929401999947,0.0],[109.344006253000089,-0.054728092999937,0.0],[109.344920216000048,-0.053687817999958,0.0],[109.345727844000066,-0.052746325999976,0.0],[109.346539157000052,-0.051847516999942,0.0],[109.346632957000054,-0.051735688999941,0.0],[109.346941237000067,-0.051368156999956,0.0],[109.347653327000046,-0.050492665999968,0.0],[109.347960084000078,-0.049963074999937,0.0],[109.348686042000054,-0.048856193999939,0.0],[109.349201210000047,-0.048032857999942,0.0],[109.349694235000072,-0.04733424799997,0.0],[109.351382676000071,-0.045516291999945,0.0],[109.351813835000087,-0.045079421999958,0.0],[109.351916628000083,-0.04495093099996,0.0],[109.351925194000046,-0.044912383999929,0.0],[109.35166392800005,-0.044686810999963,0.0],[109.351645369000039,-0.044663968999942,0.0],[109.351645369000039,-0.044645407999951,0.0],[109.351648224000087,-0.04462684899994,0.0],[109.35167963300006,-0.044592583999929,0.0],[109.352299695000056,-0.04399058599995,0.0],[109.352795406000041,-0.043504862999953,0.0],[109.354246877000037,-0.042216979999978,0.0],[109.354323544000067,-0.042135729999927,0.0],[109.355113298000049,-0.041493622999951,0.0],[109.355174701000067,-0.041438580999966,0.0],[109.355190194000045,-0.041454641999962,0.0],[109.355252776000043,-0.041519518999962,0.0],[109.35526976400007,-0.041537128999948,0.0],[109.355315359000087,-0.041584395999962,0.0],[109.355377942000075,-0.041649271999972,0.0],[109.355440525000063,-0.041714148999972,0.0],[109.355503107000061,-0.041779025999972,0.0],[109.355565690000049,-0.041843903999961,0.0],[109.355628273000036,-0.041908780999961,0.0],[109.355690855000034,-0.041973657999961,0.0],[109.355753438000079,-0.042038534999961,0.0],[109.355816020000077,-0.04210341199996,0.0],[109.355878604000054,-0.04216828899996,0.0],[109.355941186000052,-0.04223316599996,0.0],[109.35600376900004,-0.042298043999949,0.0],[109.356066351000038,-0.042362920999949,0.0],[109.356128935000072,-0.042427797999949,0.0],[109.356160573000068,-0.042460595999955,0.0],[109.35619151700007,-0.042492674999949,0.0],[109.356254100000058,-0.042557551999948,0.0],[109.356316682000056,-0.042622428999948,0.0],[109.356379265000044,-0.042687306999937,0.0],[109.356441848000088,-0.042752183999937,0.0],[109.356504430000086,-0.042817060999937,0.0],[109.356567013000074,-0.042881937999937,0.0],[109.356629596000062,-0.042946814999937,0.0],[109.356692179000049,-0.043011692999926,0.0],[109.356754761000047,-0.043076569999926,0.0],[109.356817344000035,-0.043141446999925,0.0],[109.35687992700008,-0.043206323999925,0.0],[109.356942510000067,-0.043271200999925,0.0],[109.357005092000065,-0.043336078999971,0.0],[109.357067674000064,-0.043400955999971,0.0],[109.357111891000045,-0.04344679299993,0.0],[109.357130258000041,-0.043465832999971,0.0],[109.357192840000039,-0.04353070999997,0.0],[109.357255423000083,-0.04359558699997,0.0],[109.357318005000081,-0.043660464999959,0.0],[109.357380589000059,-0.043725341999959,0.0],[109.357443171000057,-0.043790218999959,0.0],[109.357505754000044,-0.043855095999959,0.0],[109.357568336000043,-0.043919973999948,0.0],[109.357630919000087,-0.043984850999948,0.0],[109.357693502000075,-0.044049727999948,0.0],[109.357756084000073,-0.044114604999947,0.0],[109.35781866700006,-0.044179482999937,0.0],[109.357881250000048,-0.044244359999936,0.0],[109.357943833000036,-0.044309236999936,0.0],[109.358006415000034,-0.044374114999925,0.0],[109.358068998000078,-0.044438991999925,0.0],[109.358131581000066,-0.044503868999925,0.0],[109.358194164000054,-0.044568745999925,0.0],[109.358256746000052,-0.044633623999971,0.0],[109.358274549000043,-0.044652079999935,0.0],[109.358319329000039,-0.044698500999971,0.0],[109.358386981000081,-0.04475795299993,0.0],[109.358455125000035,-0.044816878999939,0.0],[109.358523268000056,-0.044875804999947,0.0],[109.358591412000067,-0.044934730999955,0.0],[109.358659556000077,-0.044993656999964,0.0],[109.358727699000042,-0.045052582999972,0.0],[109.358795843000053,-0.045111507999934,0.0],[109.358863987000063,-0.045170433999942,0.0],[109.358932131000074,-0.045229359999951,0.0],[109.359000275000085,-0.045288285999959,0.0],[109.359068419000039,-0.045347211999967,0.0],[109.35913656300005,-0.045406137999976,0.0],[109.359204706000071,-0.045465063999927,0.0],[109.359272850000082,-0.045523989999936,0.0],[109.359340994000036,-0.045582915999944,0.0],[109.359409138000046,-0.045641840999963,0.0],[109.359477281000068,-0.045700766999971,0.0],[109.35947755400008,-0.045701002999976,0.0],[109.359545425000078,-0.04575969299998,0.0],[109.359613569000032,-0.045818618999931,0.0],[109.359681712000054,-0.045877544999939,0.0],[109.359749856000064,-0.045936470999948,0.0],[109.359818,-0.045995396999956,0.0],[109.359886144000086,-0.046054322999964,0.0],[109.35995428700005,-0.046113248999973,0.0],[109.360022431000061,-0.046172174999924,0.0],[109.360090575000072,-0.046231100999933,0.0],[109.360158718000037,-0.046290026999941,0.0],[109.360226862000047,-0.046348952999949,0.0],[109.360278633000064,-0.046393720999959,0.0],[109.360295006000058,-0.046407878999958,0.0],[109.360363151000058,-0.046466804999966,0.0],[109.36043129400008,-0.046525730999974,0.0],[109.360499438000033,-0.046584656999926,0.0],[109.360565134000069,-0.046646240999962,0.0],[109.36062866900005,-0.046710172999951,0.0],[109.360692205000078,-0.046774103999951,0.0],[109.360755741000048,-0.046838036999929,0.0],[109.360765791000063,-0.04684814999996,0.0],[109.360819276000086,-0.046901967999929,0.0],[109.360882813000046,-0.046965899999975,0.0],[109.360946348000084,-0.047029830999975,0.0],[109.361009884000055,-0.047093763999953,0.0],[109.361073420000082,-0.047157694999953,0.0],[109.361136955000063,-0.047221626999942,0.0],[109.361200491000034,-0.047285557999942,0.0],[109.361264026000072,-0.047349490999977,0.0],[109.361327562000042,-0.047413421999977,0.0],[109.36139109800007,-0.047477353999966,0.0],[109.361454633000051,-0.047541284999966,0.0],[109.361518170000068,-0.047605217999944,0.0],[109.361581705000049,-0.047669148999944,0.0],[109.361645241000076,-0.047733080999933,0.0],[109.361708777000047,-0.047797012999979,0.0],[109.361772312000085,-0.047860944999968,0.0],[109.361835848000055,-0.047924876999957,0.0],[109.361899383000036,-0.047988807999957,0.0],[109.361962919000064,-0.048052739999946,0.0],[109.361998820000053,-0.048088863999965,0.0],[109.362026455000034,-0.048116670999946,0.0],[109.362089991000062,-0.048180603999924,0.0],[109.362153527000089,-0.04824453599997,0.0],[109.36221706200007,-0.04830846699997,0.0],[109.362280598000041,-0.048372398999959,0.0],[109.362344134000068,-0.048436330999948,0.0],[109.362404664000053,-0.048503113999971,0.0],[109.362464304000071,-0.048570742999971,0.0],[109.362523944000088,-0.048638370999925,0.0],[109.362583585000039,-0.048706,0.0],[109.362643224000067,-0.048773627999935,0.0],[109.362702865000074,-0.048841256999935,0.0],[109.362762505000035,-0.048908885999936,0.0],[109.362822145000052,-0.048976512999957,0.0],[109.36288178500007,-0.049044141999957,0.0],[109.362941426000077,-0.049111769999968,0.0],[109.363001066000038,-0.049179398999968,0.0],[109.363060706000056,-0.049247027999968,0.0],[109.363120346000073,-0.049314655999979,0.0],[109.363157048000062,-0.049356273999933,0.0],[109.36317998700008,-0.049382284999979,0.0],[109.363239626000052,-0.049449912999933,0.0],[109.363299267000059,-0.049517540999943,0.0],[109.363358907000077,-0.049585169999943,0.0],[109.363418547000038,-0.049652797999954,0.0],[109.363478187000055,-0.049720426999954,0.0],[109.363537828000062,-0.049788054999965,0.0],[109.363597467000034,-0.049855683999965,0.0],[109.363657108000041,-0.049923312999965,0.0],[109.363716748000058,-0.04999093999993,0.0],[109.363776388000076,-0.05005856899993,0.0],[109.363836028000037,-0.05012619799993,0.0],[109.363895669000044,-0.050193825999941,0.0],[109.363950789000057,-0.050256329999968,0.0],[109.363955308000072,-0.050261454999941,0.0],[109.364014949000079,-0.050329083999941,0.0],[109.36407458900004,-0.050396711999952,0.0],[109.364134229000058,-0.050464340999952,0.0],[109.364193869000076,-0.050531968999962,0.0],[109.364253510000083,-0.050599596999973,0.0],[109.364313150000044,-0.050667225999973,0.0],[109.364372790000061,-0.050734854999973,0.0],[109.364432430000079,-0.050802482999927,0.0],[109.364492071000086,-0.050870111999927,0.0],[109.364551710000057,-0.050937740999927,0.0],[109.364611351000065,-0.051005368999938,0.0],[109.364666068000076,-0.051076958999943,0.0],[109.364718441000036,-0.051150433999965,0.0],[109.364747240000042,-0.051190837999968,0.0],[109.364770813000064,-0.051223909999976,0.0],[109.364823186000081,-0.051297385999931,0.0],[109.364875559000041,-0.051370860999953,0.0],[109.364927932000057,-0.051444336999964,0.0],[109.364980305000074,-0.051517811999929,0.0],[109.365032678000034,-0.051591287999941,0.0],[109.365085051000051,-0.051664762999962,0.0],[109.365137424000068,-0.051738238999974,0.0],[109.365189797000085,-0.051811714999928,0.0],[109.365242170000045,-0.05188518999995,0.0],[109.365294543000061,-0.051958665999962,0.0],[109.365346916000078,-0.052032140999927,0.0],[109.365399289000038,-0.052105616999938,0.0],[109.365451662000055,-0.05217909299995,0.0],[109.365504035000072,-0.052252567999972,0.0],[109.36555201300007,-0.052328991999957,0.0],[109.365599202000055,-0.052405944999975,0.0],[109.365646391000041,-0.052482896999948,0.0],[109.365693580000084,-0.052559850999955,0.0],[109.36574076900007,-0.052636803999974,0.0],[109.365787958000055,-0.052713756999935,0.0],[109.365835147000041,-0.052790709999954,0.0],[109.365882335000038,-0.052867662999972,0.0],[109.36592952400008,-0.052944615999934,0.0],[109.365976713000066,-0.053021569999942,0.0],[109.366023903000041,-0.05309852299996,0.0],[109.366071091000038,-0.053175474999932,0.0],[109.36611828000008,-0.05325242899994,0.0],[109.366129882000052,-0.053271348999942,0.0],[109.366165469000066,-0.053329381999959,0.0],[109.366212658000052,-0.053406334999977,0.0],[109.366259846000048,-0.053483287999939,0.0],[109.366307035000034,-0.053560240999957,0.0],[109.366311744000086,-0.053567919999978,0.0],[109.366354225000066,-0.053637193999975,0.0],[109.366401413000062,-0.053714147999926,0.0],[109.366448602000048,-0.053791100999945,0.0],[109.366495791000034,-0.053868053999963,0.0],[109.366542980000077,-0.053945006999925,0.0],[109.366590168000073,-0.054021959999943,0.0],[109.366637357000059,-0.054098913999951,0.0],[109.366684547000034,-0.05417586599998,0.0],[109.366731735000087,-0.054252819999931,0.0],[109.366778924000073,-0.054329772999949,0.0],[109.366826113000059,-0.054406725999968,0.0],[109.366873302000045,-0.054483678999929,0.0],[109.366920490000041,-0.054560631999948,0.0],[109.366967679000084,-0.054637585999956,0.0],[109.367014869000059,-0.054714538999974,0.0],[109.367062057000055,-0.054791492999925,0.0],[109.367109246000041,-0.054868444999954,0.0],[109.367156435000084,-0.054945397999973,0.0],[109.367203624000069,-0.05502235199998,0.0],[109.367250812000066,-0.055099304999942,0.0],[109.367298001000051,-0.05517625799996,0.0],[109.367345191000084,-0.055253210999979,0.0],[109.36739237900008,-0.05533016499993,0.0],[109.367439568000066,-0.055407117999948,0.0],[109.367486757000052,-0.055484070999967,0.0],[109.367533945000048,-0.055561023999928,0.0],[109.367581134000034,-0.055637977999936,0.0],[109.367628324000066,-0.055714930999955,0.0],[109.367675512000062,-0.055791884999962,0.0],[109.367722701000048,-0.055868836999935,0.0],[109.367769890000034,-0.055945790999942,0.0],[109.367817078000087,-0.056022743999961,0.0],[109.367864267000073,-0.056099696999979,0.0],[109.367891374000067,-0.056143900999928,0.0],[109.367911456000058,-0.056176649999941,0.0],[109.367958645000044,-0.056253603999949,0.0],[109.368005834000087,-0.056330556999967,0.0],[109.368053023000073,-0.056407509999929,0.0],[109.368100212000058,-0.056484462999947,0.0],[109.368132726000056,-0.056537486999957,0.0],[109.368147400000055,-0.056561416999955,0.0],[109.368194589000041,-0.056638369999973,0.0],[109.368241778000083,-0.056715323999924,0.0],[109.368288967000069,-0.056792276999943,0.0],[109.368336156000055,-0.056869229999961,0.0],[109.368383344000051,-0.05694618299998,0.0],[109.368430533000037,-0.057023136999931,0.0],[109.36847772200008,-0.057100089999949,0.0],[109.368524910000076,-0.057177042999967,0.0],[109.368572099000062,-0.057253995999929,0.0],[109.368619289000037,-0.057330949999937,0.0],[109.368666477000033,-0.057407902999955,0.0],[109.368713666000076,-0.057484855999974,0.0],[109.368760855000062,-0.057561809999925,0.0],[109.368808043000058,-0.057638762999943,0.0],[109.368855232000044,-0.057715716999951,0.0],[109.368887062000056,-0.057767621999972,0.0],[109.368354784000076,-0.058216509999966,0.0],[109.367013424000049,-0.059347722999973,0.0],[109.36688182000006,-0.059458708999955,0.0],[109.366033303000052,-0.060186008999949,0.0],[109.365999679000083,-0.060256618999972,0.0],[109.365676783000083,-0.060934698999972,0.0],[109.36561445600006,-0.061068643999931,0.0],[109.364855673000079,-0.062699321999958,0.0],[109.364755182000067,-0.062910187999933,0.0],[109.364275734000046,-0.063916240999959,0.0],[109.36337155700005,-0.065971186999946,0.0],[109.363334522000059,-0.066055357999971,0.0],[109.363301303000071,-0.066121795999948,0.0],[109.36260246900008,-0.067519463999929,0.0],[109.361518649000061,-0.069487450999929,0.0],[109.361472020000065,-0.069565165999961,0.0],[109.360993926000049,-0.070361987999945,0.0],[109.360805610000057,-0.070675847999951,0.0],[109.360121093000089,-0.071721637999929,0.0],[109.359512633000065,-0.072662849999972,0.0],[109.358809101000077,-0.073879767999927,0.0],[109.358048525000072,-0.075039644999947,0.0],[109.357126328000049,-0.076513256999931,0.0],[109.356242159000033,-0.078015391999941,0.0],[109.355500599000038,-0.079346396999938,0.0],[109.355139325000039,-0.079954856999962,0.0],[109.354331214000069,-0.081038675999935,0.0],[109.353693576000069,-0.081939951999971,0.0],[109.353342467000061,-0.082436230999974,0.0],[109.35223725600008,-0.084054827999978,0.0],[109.350533092000035,-0.086657418999948,0.0],[109.34973448900007,-0.087898104999965,0.0],[109.348379714000089,-0.090001567999934,0.0],[109.34754545800007,-0.091384861999927,0.0],[109.346896593000054,-0.092575635999935,0.0],[109.346397465000052,-0.093359978999956,0.0],[109.345762860000036,-0.094322579999925,0.0]]]]}},
{"type":"Feature","properties":{"WADMKC":"Pontianak Timur","WADMKK":"Kota Pontianak","WADMPR":"Kalimantan Barat","WIADKC":null,"WIADKK":null,"WIADPR":null,"WIADKD":null,"NAMOBJ":"Pontianak Timur"},"geometry":{"type":"MultiPolygon","coordinates":[[[[109.38036111100007,-0.031805555999938,0.0],[109.37976232300008,-0.032353364999949,0.0],[109.379720957000075,-0.032391208999968,0.0],[109.379695497000057,-0.032411368999931,0.0],[109.379531071000088,-0.032541564999974,0.0],[109.379388303000042,-0.032604025999944,0.0],[109.378971897000042,-0.032725973999959,0.0],[109.378754771000047,-0.032797357999925,0.0],[109.378728506000073,-0.032815294999978,0.0],[109.378632824000078,-0.032880637999938,0.0],[109.378481134000083,-0.033020431999944,0.0],[109.378356211000039,-0.033145353999942,0.0],[109.378273526000044,-0.033220900999936,0.0],[109.377826187000039,-0.032749767999974,0.0],[109.377583482000034,-0.03252133999996,0.0],[109.377476054000056,-0.032612332999975,0.0],[109.376945787000068,-0.033061477999979,0.0],[109.376585298000066,-0.03273668099996,0.0],[109.376096319000055,-0.032219147999967,0.0],[109.375568078000072,-0.03259391399996,0.0],[109.375161785000046,-0.032211414999949,0.0],[109.374888379000083,-0.032461437999928,0.0],[109.374764415000072,-0.032591533999948,0.0],[109.374925029000053,-0.032734301999938,0.0],[109.374496726000075,-0.033148327999925,0.0],[109.374347875000069,-0.033011734999945,0.0],[109.374108874000058,-0.033267300999967,0.0],[109.37438846100008,-0.033558784999968,0.0],[109.374501485000053,-0.033653963999939,0.0],[109.374745379000046,-0.033421965999935,0.0],[109.374983326000063,-0.033630167999945,0.0],[109.374763226000084,-0.033880011999941,0.0],[109.375215323000077,-0.034302366999952,0.0],[109.375390197000058,-0.034473274999925,0.0],[109.374792969000055,-0.035020963999955,0.0],[109.375513396000088,-0.035759760999952,0.0],[109.375569892000044,-0.03581769699997,0.0],[109.375866106000046,-0.036121463999962,0.0],[109.376149458000043,-0.036309837999966,0.0],[109.376683895000042,-0.036839503999943,0.0],[109.377093547000072,-0.037244544999965,0.0],[109.377234859000055,-0.037384266999936,0.0],[109.377622582000072,-0.037767625999948,0.0],[109.37789895700007,-0.038040889999934,0.0],[109.378084282000088,-0.038217790999965,0.0],[109.37853296600008,-0.038482458999965,0.0],[109.378549716000066,-0.038492338999959,0.0],[109.378610479000088,-0.038528180999947,0.0],[109.378647237000052,-0.038566142999969,0.0],[109.378616454000053,-0.038674600999968,0.0],[109.378587240000059,-0.038777522999965,0.0],[109.378541885000061,-0.038937314999941,0.0],[109.378535512000042,-0.038959768999973,0.0],[109.378802902000075,-0.039230723999935,0.0],[109.379212948000088,-0.039646982999955,0.0],[109.37927350700005,-0.039708459999929,0.0],[109.379391159000079,-0.039833241999929,0.0],[109.379601505000039,-0.039851067999962,0.0],[109.379930989000059,-0.040468242999964,0.0],[109.380774158000065,-0.041782016999946,0.0],[109.381506212000033,-0.042903864999971,0.0],[109.382608971000082,-0.044587016999969,0.0],[109.383241472000066,-0.045552408999924,0.0],[109.385311967000064,-0.048291832999951,0.0],[109.385347497000055,-0.048338841999964,0.0],[109.382793938000077,-0.05029258199994,0.0],[109.383286015000067,-0.05097084199997,0.0],[109.384174658000063,-0.052195713999936,0.0],[109.385,-0.053333332999955,0.0],[109.384949852000034,-0.053373643999976,0.0],[109.381434421000051,-0.056199508999953,0.0],[109.378946716000087,-0.05805554899996,0.0],[109.377142464000087,-0.059361809999928,0.0],[109.375580999000078,-0.060518013999967,0.0],[109.37478186900006,-0.061124518999975,0.0],[109.373834335000083,-0.061899879999942,0.0],[109.373381555000037,-0.062334834999945,0.0],[109.373013984000067,-0.062672474999943,0.0],[109.372892740000054,-0.062783845999945,0.0],[109.372821436000038,-0.062707788999944,0.0],[109.372745378000047,-0.062636484999928,0.0],[109.37215117900007,-0.061947213999929,0.0],[109.371281886000077,-0.060765222999976,0.0],[109.371160055000075,-0.060599570999955,0.0],[109.369020937000073,-0.057654720999949,0.0],[109.368887062000056,-0.057767621999972,0.0],[109.368855232000044,-0.057715716999951,0.0],[109.368808043000058,-0.057638762999943,0.0],[109.368760855000062,-0.057561809999925,0.0],[109.368713666000076,-0.057484855999974,0.0],[109.368666477000033,-0.057407902999955,0.0],[109.368619289000037,-0.057330949999937,0.0],[109.368572099000062,-0.057253995999929,0.0],[109.368524910000076,-0.057177042999967,0.0],[109.36847772200008,-0.057100089999949,0.0],[109.368430533000037,-0.057023136999931,0.0],[109.368383344000051,-0.05694618299998,0.0],[109.368336156000055,-0.056869229999961,0.0],[109.368288967000069,-0.056792276999943,0.0],[109.368241778000083,-0.056715323999924,0.0],[109.368194589000041,-0.056638369999973,0.0],[109.368147400000055,-0.056561416999955,0.0],[109.368132726000056,-0.056537486999957,0.0],[109.368100212000058,-0.056484462999947,0.0],[109.368053023000073,-0.056407509999929,0.0],[109.368005834000087,-0.056330556999967,0.0],[109.367958645000044,-0.056253603999949,0.0],[109.367911456000058,-0.056176649999941,0.0],[109.367891374000067,-0.056143900999928,0.0],[109.367864267000073,-0.056099696999979,0.0],[109.367817078000087,-0.056022743999961,0.0],[109.367769890000034,-0.055945790999942,0.0],[109.367722701000048,-0.055868836999935,0.0],[109.367675512000062,-0.055791884999962,0.0],[109.367628324000066,-0.055714930999955,0.0],[109.367581134000034,-0.055637977999936,0.0],[109.367533945000048,-0.055561023999928,0.0],[109.367486757000052,-0.055484070999967,0.0],[109.367439568000066,-0.055407117999948,0.0],[109.36739237900008,-0.05533016499993,0.0],[109.367345191000084,-0.055253210999979,0.0],[109.367298001000051,-0.05517625799996,0.0],[109.367250812000066,-0.055099304999942,0.0],[109.367203624000069,-0.05502235199998,0.0],[109.367156435000084,-0.054945397999973,0.0],[109.367109246000041,-0.054868444999954,0.0],[109.367062057000055,-0.054791492999925,0.0],[109.367014869000059,-0.054714538999974,0.0],[109.366967679000084,-0.054637585999956,0.0],[109.366920490000041,-0.054560631999948,0.0],[109.366873302000045,-0.054483678999929,0.0],[109.366826113000059,-0.054406725999968,0.0],[109.366778924000073,-0.054329772999949,0.0],[109.366731735000087,-0.054252819999931,0.0],[109.366684547000034,-0.05417586599998,0.0],[109.366637357000059,-0.054098913999951,0.0],[109.366590168000073,-0.054021959999943,0.0],[109.366542980000077,-0.053945006999925,0.0],[109.366495791000034,-0.053868053999963,0.0],[109.366448602000048,-0.053791100999945,0.0],[109.366401413000062,-0.053714147999926,0.0],[109.366354225000066,-0.053637193999975,0.0],[109.366311744000086,-0.053567919999978,0.0],[109.366307035000034,-0.053560240999957,0.0],[109.366259846000048,-0.053483287999939,0.0],[109.366212658000052,-0.053406334999977,0.0],[109.366165469000066,-0.053329381999959,0.0],[109.366129882000052,-0.053271348999942,0.0],[109.36611828000008,-0.05325242899994,0.0],[109.366071091000038,-0.053175474999932,0.0],[109.366023903000041,-0.05309852299996,0.0],[109.365976713000066,-0.053021569999942,0.0],[109.36592952400008,-0.052944615999934,0.0],[109.365882335000038,-0.052867662999972,0.0],[109.365835147000041,-0.052790709999954,0.0],[109.365787958000055,-0.052713756999935,0.0],[109.36574076900007,-0.052636803999974,0.0],[109.365693580000084,-0.052559850999955,0.0],[109.365646391000041,-0.052482896999948,0.0],[109.365599202000055,-0.052405944999975,0.0],[109.36555201300007,-0.052328991999957,0.0],[109.365504035000072,-0.052252567999972,0.0],[109.365451662000055,-0.05217909299995,0.0],[109.365399289000038,-0.052105616999938,0.0],[109.365346916000078,-0.052032140999927,0.0],[109.365294543000061,-0.051958665999962,0.0],[109.365242170000045,-0.05188518999995,0.0],[109.365189797000085,-0.051811714999928,0.0],[109.365137424000068,-0.051738238999974,0.0],[109.365085051000051,-0.051664762999962,0.0],[109.365032678000034,-0.051591287999941,0.0],[109.364980305000074,-0.051517811999929,0.0],[109.364927932000057,-0.051444336999964,0.0],[109.364875559000041,-0.051370860999953,0.0],[109.364823186000081,-0.051297385999931,0.0],[109.364770813000064,-0.051223909999976,0.0],[109.364747240000042,-0.051190837999968,0.0],[109.364718441000036,-0.051150433999965,0.0],[109.364666068000076,-0.051076958999943,0.0],[109.364611351000065,-0.051005368999938,0.0],[109.364551710000057,-0.050937740999927,0.0],[109.364492071000086,-0.050870111999927,0.0],[109.364432430000079,-0.050802482999927,0.0],[109.364372790000061,-0.050734854999973,0.0],[109.364313150000044,-0.050667225999973,0.0],[109.364253510000083,-0.050599596999973,0.0],[109.364193869000076,-0.050531968999962,0.0],[109.364134229000058,-0.050464340999952,0.0],[109.36407458900004,-0.050396711999952,0.0],[109.364014949000079,-0.050329083999941,0.0],[109.363955308000072,-0.050261454999941,0.0],[109.363950789000057,-0.050256329999968,0.0],[109.363895669000044,-0.050193825999941,0.0],[109.363836028000037,-0.05012619799993,0.0],[109.363776388000076,-0.05005856899993,0.0],[109.363716748000058,-0.04999093999993,0.0],[109.363657108000041,-0.049923312999965,0.0],[109.363597467000034,-0.049855683999965,0.0],[109.363537828000062,-0.049788054999965,0.0],[109.363478187000055,-0.049720426999954,0.0],[109.363418547000038,-0.049652797999954,0.0],[109.363358907000077,-0.049585169999943,0.0],[109.363299267000059,-0.049517540999943,0.0],[109.363239626000052,-0.049449912999933,0.0],[109.36317998700008,-0.049382284999979,0.0],[109.363157048000062,-0.049356273999933,0.0],[109.363120346000073,-0.049314655999979,0.0],[109.363060706000056,-0.049247027999968,0.0],[109.363001066000038,-0.049179398999968,0.0],[109.362941426000077,-0.049111769999968,0.0],[109.36288178500007,-0.049044141999957,0.0],[109.362822145000052,-0.048976512999957,0.0],[109.362762505000035,-0.048908885999936,0.0],[109.362702865000074,-0.048841256999935,0.0],[109.362643224000067,-0.048773627999935,0.0],[109.362583585000039,-0.048706,0.0],[109.362523944000088,-0.048638370999925,0.0],[109.362464304000071,-0.048570742999971,0.0],[109.362404664000053,-0.048503113999971,0.0],[109.362344134000068,-0.048436330999948,0.0],[109.362280598000041,-0.048372398999959,0.0],[109.36221706200007,-0.04830846699997,0.0],[109.362153527000089,-0.04824453599997,0.0],[109.362089991000062,-0.048180603999924,0.0],[109.362026455000034,-0.048116670999946,0.0],[109.361998820000053,-0.048088863999965,0.0],[109.361962919000064,-0.048052739999946,0.0],[109.361899383000036,-0.047988807999957,0.0],[109.361835848000055,-0.047924876999957,0.0],[109.361772312000085,-0.047860944999968,0.0],[109.361708777000047,-0.047797012999979,0.0],[109.361645241000076,-0.047733080999933,0.0],[109.361581705000049,-0.047669148999944,0.0],[109.361518170000068,-0.047605217999944,0.0],[109.361454633000051,-0.047541284999966,0.0],[109.36139109800007,-0.047477353999966,0.0],[109.361327562000042,-0.047413421999977,0.0],[109.361264026000072,-0.047349490999977,0.0],[109.361200491000034,-0.047285557999942,0.0],[109.361136955000063,-0.047221626999942,0.0],[109.361073420000082,-0.047157694999953,0.0],[109.361009884000055,-0.047093763999953,0.0],[109.360946348000084,-0.047029830999975,0.0],[109.360882813000046,-0.046965899999975,0.0],[109.360819276000086,-0.046901967999929,0.0],[109.360765791000063,-0.04684814999996,0.0],[109.360755741000048,-0.046838036999929,0.0],[109.360692205000078,-0.046774103999951,0.0],[109.36062866900005,-0.046710172999951,0.0],[109.360565134000069,-0.046646240999962,0.0],[109.360499438000033,-0.046584656999926,0.0],[109.36043129400008,-0.046525730999974,0.0],[109.360363151000058,-0.046466804999966,0.0],[109.360295006000058,-0.046407878999958,0.0],[109.360278633000064,-0.046393720999959,0.0],[109.360226862000047,-0.046348952999949,0.0],[109.360158718000037,-0.046290026999941,0.0],[109.360090575000072,-0.046231100999933,0.0],[109.360022431000061,-0.046172174999924,0.0],[109.35995428700005,-0.046113248999973,0.0],[109.359886144000086,-0.046054322999964,0.0],[109.359818,-0.045995396999956,0.0],[109.359749856000064,-0.045936470999948,0.0],[109.359681712000054,-0.045877544999939,0.0],[109.359613569000032,-0.045818618999931,0.0],[109.359545425000078,-0.04575969299998,0.0],[109.35947755400008,-0.045701002999976,0.0],[109.359477281000068,-0.045700766999971,0.0],[109.359409138000046,-0.045641840999963,0.0],[109.359340994000036,-0.045582915999944,0.0],[109.359272850000082,-0.045523989999936,0.0],[109.359204706000071,-0.045465063999927,0.0],[109.35913656300005,-0.045406137999976,0.0],[109.359068419000039,-0.045347211999967,0.0],[109.359000275000085,-0.045288285999959,0.0],[109.358932131000074,-0.045229359999951,0.0],[109.358863987000063,-0.045170433999942,0.0],[109.358795843000053,-0.045111507999934,0.0],[109.358727699000042,-0.045052582999972,0.0],[109.358659556000077,-0.044993656999964,0.0],[109.358591412000067,-0.044934730999955,0.0],[109.358523268000056,-0.044875804999947,0.0],[109.358455125000035,-0.044816878999939,0.0],[109.358386981000081,-0.04475795299993,0.0],[109.358319329000039,-0.044698500999971,0.0],[109.358274549000043,-0.044652079999935,0.0],[109.358256746000052,-0.044633623999971,0.0],[109.358194164000054,-0.044568745999925,0.0],[109.358131581000066,-0.044503868999925,0.0],[109.358068998000078,-0.044438991999925,0.0],[109.358006415000034,-0.044374114999925,0.0],[109.357943833000036,-0.044309236999936,0.0],[109.357881250000048,-0.044244359999936,0.0],[109.35781866700006,-0.044179482999937,0.0],[109.357756084000073,-0.044114604999947,0.0],[109.357693502000075,-0.044049727999948,0.0],[109.357630919000087,-0.043984850999948,0.0],[109.357568336000043,-0.043919973999948,0.0],[109.357505754000044,-0.043855095999959,0.0],[109.357443171000057,-0.043790218999959,0.0],[109.357380589000059,-0.043725341999959,0.0],[109.357318005000081,-0.043660464999959,0.0],[109.357255423000083,-0.04359558699997,0.0],[109.357192840000039,-0.04353070999997,0.0],[109.357130258000041,-0.043465832999971,0.0],[109.357111891000045,-0.04344679299993,0.0],[109.357067674000064,-0.043400955999971,0.0],[109.357005092000065,-0.043336078999971,0.0],[109.356942510000067,-0.043271200999925,0.0],[109.35687992700008,-0.043206323999925,0.0],[109.356817344000035,-0.043141446999925,0.0],[109.356754761000047,-0.043076569999926,0.0],[109.356692179000049,-0.043011692999926,0.0],[109.356629596000062,-0.042946814999937,0.0],[109.356567013000074,-0.042881937999937,0.0],[109.356504430000086,-0.042817060999937,0.0],[109.356441848000088,-0.042752183999937,0.0],[109.356379265000044,-0.042687306999937,0.0],[109.356316682000056,-0.042622428999948,0.0],[109.356254100000058,-0.042557551999948,0.0],[109.35619151700007,-0.042492674999949,0.0],[109.356160573000068,-0.042460595999955,0.0],[109.356128935000072,-0.042427797999949,0.0],[109.356066351000038,-0.042362920999949,0.0],[109.35600376900004,-0.042298043999949,0.0],[109.355941186000052,-0.04223316599996,0.0],[109.355878604000054,-0.04216828899996,0.0],[109.355816020000077,-0.04210341199996,0.0],[109.355753438000079,-0.042038534999961,0.0],[109.355690855000034,-0.041973657999961,0.0],[109.355628273000036,-0.041908780999961,0.0],[109.355565690000049,-0.041843903999961,0.0],[109.355503107000061,-0.041779025999972,0.0],[109.355440525000063,-0.041714148999972,0.0],[109.355377942000075,-0.041649271999972,0.0],[109.355315359000087,-0.041584395999962,0.0],[109.35526976400007,-0.041537128999948,0.0],[109.355252776000043,-0.041519518999962,0.0],[109.355190194000045,-0.041454641999962,0.0],[109.355174701000067,-0.041438580999966,0.0],[109.355127611000057,-0.041389764999963,0.0],[109.35506502800007,-0.041324887999963,0.0],[109.355002446000071,-0.041260010999963,0.0],[109.354939863000084,-0.041195132999974,0.0],[109.354877281000086,-0.041130255999974,0.0],[109.354814697000052,-0.041065378999974,0.0],[109.354752115000053,-0.041000501999974,0.0],[109.354689532000066,-0.040935624999975,0.0],[109.354626950000068,-0.040870747999975,0.0],[109.354564366000034,-0.040805870999975,0.0],[109.354501784000036,-0.040740993999975,0.0],[109.354439201000048,-0.040676116999975,0.0],[109.35437661900005,-0.040611239999976,0.0],[109.354314036000062,-0.040546362999976,0.0],[109.354251453000074,-0.040481485999976,0.0],[109.354189667000071,-0.040415880999944,0.0],[109.354131572000085,-0.040346902999943,0.0],[109.354073478000089,-0.040277923999952,0.0],[109.354015384000036,-0.04020894599995,0.0],[109.353957290000039,-0.040139967999949,0.0],[109.353899195000054,-0.040070989999947,0.0],[109.353841101000057,-0.040002011999945,0.0],[109.353783006000072,-0.039933032999954,0.0],[109.353753431000086,-0.039897916999962,0.0],[109.353724912000075,-0.039864054999953,0.0],[109.353666817000033,-0.039795076999951,0.0],[109.353608723000036,-0.039726098999949,0.0],[109.35355062800005,-0.039657121999937,0.0],[109.353492534000054,-0.039588143999936,0.0],[109.353434439000068,-0.039519164999945,0.0],[109.353376345000072,-0.039450186999943,0.0],[109.353318250000086,-0.039381208999941,0.0],[109.353260157000079,-0.03931223099994,0.0],[109.353202062000037,-0.039243252999938,0.0],[109.35314396800004,-0.039174274999937,0.0],[109.353085873000055,-0.039105296999935,0.0],[109.353067554000063,-0.039083545999972,0.0],[109.353027779000058,-0.039036318999933,0.0],[109.352969684000072,-0.038967339999942,0.0],[109.352911590000076,-0.038898361999941,0.0],[109.352853495000033,-0.038829383999939,0.0],[109.352795401000037,-0.038760405999938,0.0],[109.352737306000051,-0.038691427999936,0.0],[109.352679212000055,-0.038622449999934,0.0],[109.352621117000069,-0.038553471999933,0.0],[109.352563023000073,-0.038484493999931,0.0],[109.352504929000077,-0.03841551599993,0.0],[109.352450097000087,-0.038344,0.0],[109.352398471000072,-0.038269991999925,0.0],[109.352346844000067,-0.038195983999969,0.0],[109.352295217000062,-0.038121974999967,0.0],[109.352243591000047,-0.038047966999954,0.0],[109.352191964000042,-0.037973958999942,0.0],[109.352140337000037,-0.03789994999994,0.0],[109.352088711000079,-0.037825941999927,0.0],[109.352037084000074,-0.03775193499996,0.0],[109.351985457000069,-0.037677925999958,0.0],[109.351933831000053,-0.037603917999945,0.0],[109.351882204000049,-0.037529909999932,0.0],[109.351830578000033,-0.03745590099993,0.0],[109.351778951000085,-0.037381892999974,0.0],[109.35172732400008,-0.037307884999962,0.0],[109.351675698000065,-0.037233875999959,0.0],[109.351651793000087,-0.03719960799998,0.0],[109.35162407100006,-0.037159867999947,0.0],[109.351572444000055,-0.037085859999934,0.0],[109.35152081800004,-0.037011851999978,0.0],[109.351469191000035,-0.036937843999965,0.0],[109.351417564000087,-0.036863835999952,0.0],[109.351365938000072,-0.03678982699995,0.0],[109.351314311000067,-0.036715818999937,0.0],[109.351314108000054,-0.036715527999945,0.0],[109.351262684000062,-0.036641810999924,0.0],[109.351211865000039,-0.036567280999975,0.0],[109.351166467000041,-0.036489243999938,0.0],[109.35112107100008,-0.036411205999968,0.0],[109.351075673000082,-0.036333169999978,0.0],[109.351030275000085,-0.036255132999941,0.0],[109.351028505000045,-0.036252089999948,0.0],[109.350984878000077,-0.03617709599996,0.0],[109.350939480000079,-0.03609905899998,0.0],[109.350894083000071,-0.036021021999943,0.0],[109.350848686000063,-0.035942984999963,0.0],[109.350803288000066,-0.035864947999926,0.0],[109.350757891000057,-0.035786911999935,0.0],[109.35071249300006,-0.035708873999965,0.0],[109.350667096000052,-0.035630836999928,0.0],[109.350621698000054,-0.035552800999938,0.0],[109.350576301000046,-0.035474762999968,0.0],[109.350530904000038,-0.035396726999977,0.0],[109.350485506000041,-0.03531868999994,0.0],[109.350440108000043,-0.03524065199997,0.0],[109.350394711000035,-0.03516261599998,0.0],[109.350349313000038,-0.035084578999943,0.0],[109.350303916000087,-0.035006541999962,0.0],[109.350258519000079,-0.034928504999925,0.0],[109.350213121000081,-0.034850468999934,0.0],[109.350167724000073,-0.034772430999965,0.0],[109.350122326000076,-0.034694394999974,0.0],[109.350076929000068,-0.034616357999937,0.0],[109.35003153100007,-0.034538319999967,0.0],[109.349986134000062,-0.034460283999977,0.0],[109.349943677000056,-0.034380606999946,0.0],[109.349902001000089,-0.034300492999932,0.0],[109.349860324000076,-0.034220378999976,0.0],[109.349818649000042,-0.034140265999952,0.0],[109.349776973000075,-0.034060151999938,0.0],[109.349735297000052,-0.033980038999971,0.0],[109.349693622000075,-0.033899924999957,0.0],[109.349651945000062,-0.033819810999944,0.0],[109.349610269000038,-0.033739697999977,0.0],[109.349568594000061,-0.033659584999953,0.0],[109.349526918000038,-0.033579470999939,0.0],[109.349485242000071,-0.033499356999926,0.0],[109.349443566000048,-0.033419242999969,0.0],[109.349401890000081,-0.033339129999945,0.0],[109.349360214000058,-0.033259016999978,0.0],[109.349318538000034,-0.033178902999964,0.0],[109.349276863000057,-0.033098788999951,0.0],[109.349235187000033,-0.033018674999937,0.0],[109.349193510000077,-0.03293856199997,0.0],[109.349151835000043,-0.032858448999946,0.0],[109.349110159000077,-0.032778334999932,0.0],[109.349068483000053,-0.032698220999976,0.0],[109.349026807000087,-0.032618107999951,0.0],[109.348985131000063,-0.032537994999927,0.0],[109.34894345500004,-0.032457880999971,0.0],[109.348901780000062,-0.032377766999957,0.0],[109.348860104000039,-0.032297653999933,0.0],[109.348818427000083,-0.032217539999976,0.0],[109.348776752000049,-0.032137426999952,0.0],[109.348735076000082,-0.032057313999928,0.0],[109.348693400000059,-0.031977199999972,0.0],[109.348651724000035,-0.031897085999958,0.0],[109.348610048000069,-0.031816971999945,0.0],[109.348568372000045,-0.031736859999967,0.0],[109.348526697000068,-0.031656745999953,0.0],[109.348485020000055,-0.03157663199994,0.0],[109.348443344000088,-0.031496518999973,0.0],[109.348401669000054,-0.031416405999948,0.0],[109.348359993000088,-0.031336291999935,0.0],[109.348318316000075,-0.031256177999978,0.0],[109.348276641000041,-0.031176064999954,0.0],[109.348234965000074,-0.031095950999941,0.0],[109.348193289000051,-0.031015837999973,0.0],[109.348181605000036,-0.030993378999938,0.0],[109.348151613000084,-0.030935724999949,0.0],[109.348109937000061,-0.030855610999936,0.0],[109.348068261000037,-0.030775496999979,0.0],[109.348026585000071,-0.030695383999955,0.0],[109.347984909000047,-0.030615270999931,0.0],[109.34794323300008,-0.030535156999974,0.0],[109.347901557000057,-0.03045504399995,0.0],[109.347859881000034,-0.030374929999937,0.0],[109.347818205000067,-0.030294816999969,0.0],[109.347776529000043,-0.030214703999945,0.0],[109.347734853000077,-0.030134589999932,0.0],[109.347693177000053,-0.030054476999965,0.0],[109.347651501000087,-0.029974362999951,0.0],[109.347609826000053,-0.029894249999927,0.0],[109.34756814900004,-0.02981413699996,0.0],[109.347526473000073,-0.029734022999946,0.0],[109.347484798000039,-0.029653908999933,0.0],[109.347443121000083,-0.029573796999955,0.0],[109.34740144500006,-0.029493682999941,0.0],[109.347359770000082,-0.029413568999928,0.0],[109.347318093000069,-0.029333455999961,0.0],[109.347276417000046,-0.029253341999947,0.0],[109.347238100000084,-0.029171578999978,0.0],[109.347201036000058,-0.029089200999977,0.0],[109.347163971000043,-0.029006822999975,0.0],[109.347126906000085,-0.028924444999973,0.0],[109.34708984100007,-0.028842066999971,0.0],[109.347052777000044,-0.028759688999969,0.0],[109.34701571100004,-0.028677310999967,0.0],[109.346978647000071,-0.028594932999965,0.0],[109.346941582000056,-0.028512553999974,0.0],[109.346904517000041,-0.028430175999972,0.0],[109.346867452000083,-0.02834779799997,0.0],[109.346830388000058,-0.028265419999968,0.0],[109.346793322000053,-0.028183041999966,0.0],[109.346767093000039,-0.028124745999946,0.0],[109.345644310000068,-0.025629323999965,0.0],[109.345607245000053,-0.025546945999963,0.0],[109.345570180000038,-0.025464567999961,0.0],[109.34553311500008,-0.025382189999959,0.0],[109.345496051000055,-0.025299811999957,0.0],[109.345451829000069,-0.025221257999931,0.0],[109.345404828000085,-0.025144189999935,0.0],[109.345357826000054,-0.025067121999939,0.0],[109.34531082500007,-0.024990052999954,0.0],[109.345263823000039,-0.024912985999947,0.0],[109.345216821000065,-0.024835916999962,0.0],[109.345169820000081,-0.024758849999955,0.0],[109.34512281800005,-0.024681781999959,0.0],[109.345075817000065,-0.024604712999974,0.0],[109.345028814000045,-0.024527645999967,0.0],[109.344981813000061,-0.024450576999925,0.0],[109.344934811000087,-0.024373509999975,0.0],[109.344887810000046,-0.024296440999933,0.0],[109.344840808000072,-0.024219373999927,0.0],[109.344793806000041,-0.024142304999941,0.0],[109.344746805000057,-0.024065237999935,0.0],[109.344699803000083,-0.023988168999949,0.0],[109.344652802000041,-0.023911101999943,0.0],[109.344605800000068,-0.023834032999957,0.0],[109.344558799000083,-0.023756964999961,0.0],[109.344511796000063,-0.023679896999965,0.0],[109.344464794000089,-0.023602828999969,0.0],[109.344417793000048,-0.023525760999973,0.0],[109.344370791000074,-0.023448692999978,0.0],[109.344323790000033,-0.023371624999925,0.0],[109.344276788000059,-0.023294556999929,0.0],[109.344229787000074,-0.023217488999933,0.0],[109.344182785000044,-0.023140420999937,0.0],[109.34413578300007,-0.023063352999941,0.0],[109.344198551000034,-0.022996457999966,0.0],[109.344282519000046,-0.022964325999965,0.0],[109.344366487000059,-0.022932193999964,0.0],[109.344450455000072,-0.022900061999962,0.0],[109.344534424000074,-0.022867928999972,0.0],[109.344618392000086,-0.02283579799996,0.0],[109.344702360000042,-0.022803664999969,0.0],[109.344786329000044,-0.022771532999968,0.0],[109.344870297000057,-0.022739399999978,0.0],[109.344954266000059,-0.022707268999966,0.0],[109.345038233000082,-0.022675135999975,0.0],[109.345122202000084,-0.022643003999974,0.0],[109.34520617000004,-0.022610870999927,0.0],[109.345290139000042,-0.022578739999972,0.0],[109.345374107000055,-0.022546606999924,0.0],[109.345387354000081,-0.022544707999941,0.0],[109.345462678000047,-0.022533905999978,0.0],[109.345552014000077,-0.02252442899993,0.0],[109.345641349000061,-0.022514951999938,0.0],[109.345730683000056,-0.022505474999946,0.0],[109.345820019000087,-0.022495998999943,0.0],[109.345909354000071,-0.022486520999962,0.0],[109.345998689000055,-0.02247704499996,0.0],[109.346088025000086,-0.022467567999968,0.0],[109.34617736000007,-0.022458090999976,0.0],[109.346266695000054,-0.022448613999927,0.0],[109.346356030000038,-0.022439136999935,0.0],[109.346445366000069,-0.022429659999943,0.0],[109.346534701000053,-0.022420182999952,0.0],[109.346624036000037,-0.022410706999949,0.0],[109.346713371000078,-0.022401228999968,0.0],[109.346802706000062,-0.022391752999965,0.0],[109.346892041000046,-0.022382275999973,0.0],[109.346981377000077,-0.022372797999935,0.0],[109.347070712000061,-0.022363321999933,0.0],[109.347160047000045,-0.022353844999941,0.0],[109.347249382000086,-0.022344367999949,0.0],[109.347338671000045,-0.022334499999943,0.0],[109.347427727000081,-0.022322652999947,0.0],[109.34751678300006,-0.022310804999961,0.0],[109.34760583800005,-0.022298956999975,0.0],[109.347694894000085,-0.022287108999933,0.0],[109.347783950000064,-0.022275260999947,0.0],[109.347873005000054,-0.022263413999951,0.0],[109.347962061000032,-0.022251565999966,0.0],[109.348051117000068,-0.02223971799998,0.0],[109.348140172000058,-0.022227869999938,0.0],[109.348229228000037,-0.022216021999952,0.0],[109.348318284000072,-0.022204173999967,0.0],[109.348407339000062,-0.022192326999971,0.0],[109.348496395000041,-0.022180478999928,0.0],[109.348585451000076,-0.022168631999932,0.0],[109.348674506000066,-0.022156783999947,0.0],[109.348763562000045,-0.022144935999961,0.0],[109.34885261800008,-0.022133087999975,0.0],[109.348941674000059,-0.022121239999933,0.0],[109.349030729000049,-0.022109392999937,0.0],[109.349119785000084,-0.022097544999951,0.0],[109.349208841000063,-0.022085696999966,0.0],[109.349297897000042,-0.02207384899998,0.0],[109.349386952000089,-0.022062000999938,0.0],[109.349476008000067,-0.022050152999952,0.0],[109.349565064000046,-0.022038305999956,0.0],[109.349621830000046,-0.022030753999957,0.0],[109.349654119000036,-0.022026457999971,0.0],[109.349743175000071,-0.022014609999928,0.0],[109.34983223100005,-0.022002761999943,0.0],[109.349921287000086,-0.021990914999947,0.0],[109.350010343000065,-0.021979066999961,0.0],[109.350099398000054,-0.021967218999976,0.0],[109.350188454000033,-0.021955371999979,0.0],[109.350277510000069,-0.021943523999937,0.0],[109.350366566000048,-0.021931675999951,0.0],[109.350455621000037,-0.021919827999966,0.0],[109.350544677000073,-0.02190797999998,0.0],[109.350633733000052,-0.021896131999938,0.0],[109.350722789000088,-0.021884283999952,0.0],[109.350811845000067,-0.021872436999956,0.0],[109.350900900000056,-0.021860588999971,0.0],[109.350989956000035,-0.021848740999928,0.0],[109.351079012000071,-0.021836892999943,0.0],[109.35116806800005,-0.021825044999957,0.0],[109.351257124000085,-0.021813196999972,0.0],[109.351346179000075,-0.021801349999976,0.0],[109.351435235000054,-0.021789501999933,0.0],[109.351524291000032,-0.021777653999948,0.0],[109.351613346000079,-0.021765806999952,0.0],[109.351702402000058,-0.021753958999966,0.0],[109.351791458000037,-0.02174211099998,0.0],[109.351880514000072,-0.021730262999938,0.0],[109.351969569000062,-0.021718414999953,0.0],[109.352058625000041,-0.021706566999967,0.0],[109.352147681000076,-0.021694718999925,0.0],[109.352236737000055,-0.021682870999939,0.0],[109.352325793000034,-0.021671023999943,0.0],[109.35241484900007,-0.021659175999957,0.0],[109.352503905000049,-0.021647327999972,0.0],[109.352592445000084,-0.021632696999973,0.0],[109.352679759000068,-0.021611441999937,0.0],[109.352767073000052,-0.021590186999958,0.0],[109.352854386000047,-0.02156893199998,0.0],[109.352941701000077,-0.021547676999944,0.0],[109.353029014000072,-0.021526420999976,0.0],[109.353116328000056,-0.02150516599994,0.0],[109.35320364100005,-0.021483910999962,0.0],[109.35329095600008,-0.021462655999926,0.0],[109.353378269000075,-0.021441400999947,0.0],[109.353465583000059,-0.021420145999969,0.0],[109.353552897000043,-0.021398890999933,0.0],[109.353640211000084,-0.021377635999954,0.0],[109.353727525000068,-0.021356380999975,0.0],[109.353814838000062,-0.02133512599994,0.0],[109.353902152000046,-0.021313870999961,0.0],[109.353989466000087,-0.021292615999926,0.0],[109.354076780000071,-0.021271360999947,0.0],[109.354164093000065,-0.021250105999968,0.0],[109.354251408000039,-0.021228850999933,0.0],[109.35433865300007,-0.021207365999942,0.0],[109.354423137000083,-0.021176630999946,0.0],[109.35450761900006,-0.021145894999961,0.0],[109.354592102000083,-0.021115159999965,0.0],[109.35467658500005,-0.02108442399998,0.0],[109.354761069000062,-0.021053688999928,0.0],[109.354845552000086,-0.021022953999932,0.0],[109.354930035000052,-0.020992217999947,0.0],[109.355014518000075,-0.020961482999951,0.0],[109.355099001000042,-0.020930746999966,0.0],[109.355183485000055,-0.02090001199997,0.0],[109.355267968000078,-0.020869274999939,0.0],[109.355352450000055,-0.020838539999943,0.0],[109.355436933000078,-0.020807803999958,0.0],[109.355521416000045,-0.020777068999962,0.0],[109.355605900000057,-0.020746333999966,0.0],[109.355690383000081,-0.020715597999924,0.0],[109.355774866000047,-0.020684862999929,0.0],[109.35585934900007,-0.020654126999943,0.0],[109.355943833000083,-0.020623391999948,0.0],[109.356028316000049,-0.020592655999963,0.0],[109.356112799000073,-0.020561920999967,0.0],[109.356199659000083,-0.020539223999947,0.0],[109.356287086000066,-0.020518444999936,0.0],[109.356374513000048,-0.020497665999926,0.0],[109.356461939000042,-0.020476886999973,0.0],[109.356549367000071,-0.020456107999962,0.0],[109.356636793000064,-0.020435329999941,0.0],[109.356724221000036,-0.020414549999941,0.0],[109.356811648000075,-0.020393771999977,0.0],[109.356899074000069,-0.020372991999977,0.0],[109.356986502000041,-0.020352213999956,0.0],[109.357073928000034,-0.020331433999957,0.0],[109.357161355000073,-0.020310655999936,0.0],[109.357248783000045,-0.020289875999936,0.0],[109.357336209000039,-0.020269097999972,0.0],[109.35742381700004,-0.020249379999939,0.0],[109.357513119000089,-0.020239577999973,0.0],[109.357602420000035,-0.020229774999962,0.0],[109.357691720000048,-0.02021997199995,0.0],[109.35778102200004,-0.020210169999928,0.0],[109.357870323000043,-0.020200367999962,0.0],[109.357959624000046,-0.02019056499995,0.0],[109.358048925000048,-0.020180761999939,0.0],[109.358138226000051,-0.020170959999973,0.0],[109.358227527000054,-0.020161157999951,0.0],[109.358316828000056,-0.020151354999939,0.0],[109.358406129000059,-0.020141551999927,0.0],[109.358495431000051,-0.020131749999962,0.0],[109.358584732000054,-0.02012194699995,0.0],[109.358674032000067,-0.020112144999928,0.0],[109.358763334000059,-0.020102341999973,0.0],[109.358852635000062,-0.020092538999961,0.0],[109.358941936000065,-0.020082736999939,0.0],[109.359031237000067,-0.020072934999973,0.0],[109.35912053800007,-0.020063131999962,0.0],[109.359209840000062,-0.02005332899995,0.0],[109.359299140000076,-0.020043526999928,0.0],[109.359388442000068,-0.020033723999973,0.0],[109.35947774300007,-0.02002392199995,0.0],[109.359567043000084,-0.020014118999939,0.0],[109.359656345000076,-0.020004316999973,0.0],[109.359745646000079,-0.019994513999961,0.0],[109.359834948000071,-0.019984711999939,0.0],[109.359924248000084,-0.019974908999927,0.0],[109.360013550000076,-0.019965105999972,0.0],[109.360102851000079,-0.01995530399995,0.0],[109.360192152000081,-0.019945501999928,0.0],[109.360281453000084,-0.019935698999973,0.0],[109.360370754000087,-0.019925895999961,0.0],[109.360460388000035,-0.019920792999926,0.0],[109.360550167000042,-0.019917730999964,0.0],[109.360639947000038,-0.019914669999935,0.0],[109.360729725000056,-0.019911608999962,0.0],[109.360819504000062,-0.019908547999933,0.0],[109.360909284000059,-0.019905485999971,0.0],[109.360999062000076,-0.019902424999941,0.0],[109.361088841000083,-0.019899363999969,0.0],[109.361178621000079,-0.019896302999939,0.0],[109.361268399000039,-0.019893240999977,0.0],[109.361358178000046,-0.019890179999948,0.0],[109.361447958000042,-0.019887118999975,0.0],[109.361537736000059,-0.019884057999946,0.0],[109.361627515000066,-0.019880995999927,0.0],[109.361717295000062,-0.019877934999954,0.0],[109.36180707300008,-0.019874873999925,0.0],[109.361896853000076,-0.019871811999963,0.0],[109.361986631000036,-0.019868750999933,0.0],[109.362076410000043,-0.019865689999961,0.0],[109.362166190000039,-0.019862628999931,0.0],[109.362255947000051,-0.019858987999953,0.0],[109.362345695000045,-0.019855133999954,0.0],[109.362435444000084,-0.019851280999944,0.0],[109.362525193000067,-0.019847426999945,0.0],[109.36261494200005,-0.019843573999935,0.0],[109.362704692000079,-0.019839718999947,0.0],[109.362794440000073,-0.019835865999937,0.0],[109.362884189000056,-0.019832011999938,0.0],[109.362973938000039,-0.019828158999928,0.0],[109.363243185000044,-0.019816597999977,0.0],[109.363332934000084,-0.019812744999967,0.0],[109.363422683000067,-0.019808891999958,0.0],[109.36351243200005,-0.019805037999959,0.0],[109.363602181000033,-0.019801184999949,0.0],[109.363691930000073,-0.01979733099995,0.0],[109.363781679000056,-0.01979347799994,0.0],[109.363871407000033,-0.019791766999958,0.0],[109.363961066000059,-0.019797367999956,0.0],[109.364050724000037,-0.019802968999954,0.0],[109.364140382000073,-0.019808568999963,0.0],[109.364230040000052,-0.019814168999972,0.0],[109.364319698000088,-0.01981976899998,0.0],[109.364409356000067,-0.019825369999978,0.0],[109.364499014000046,-0.01983096999993,0.0],[109.364588673000071,-0.019836569999939,0.0],[109.36467833200004,-0.019842170999937,0.0],[109.364767990000075,-0.019847770999945,0.0],[109.364857648000054,-0.019853370999954,0.0],[109.364947306000033,-0.019858970999962,0.0],[109.365036964000069,-0.01986457199996,0.0],[109.365126622000048,-0.019870171999969,0.0],[109.365216280000084,-0.019875771999978,0.0],[109.365305939000052,-0.019881371999929,0.0],[109.365394787000071,-0.01989434099994,0.0],[109.365483491000077,-0.019908619999967,0.0],[109.365572195000084,-0.019922897999948,0.0],[109.365660899000034,-0.019937175999928,0.0],[109.36574960300004,-0.019951453999965,0.0],[109.365838307000047,-0.019965731999946,0.0],[109.365927011000053,-0.019980010999973,0.0],[109.36601571500006,-0.019994288999953,0.0],[109.366104420000056,-0.020008566999934,0.0],[109.366193124000063,-0.020022844999971,0.0],[109.36628182700008,-0.020037123999941,0.0],[109.366370531000086,-0.020051401999979,0.0],[109.366459235000036,-0.020065679999959,0.0],[109.366547939000043,-0.02007995799994,0.0],[109.366636643000049,-0.020094235999977,0.0],[109.366725347000056,-0.020108514999947,0.0],[109.366814051000063,-0.020122792999928,0.0],[109.366902755000069,-0.020137070999965,0.0],[109.366991460000065,-0.020151348999946,0.0],[109.367080164000072,-0.020165627999972,0.0],[109.367168868000078,-0.020179905999953,0.0],[109.367257572000085,-0.020194183999934,0.0],[109.367346276000035,-0.020208461999971,0.0],[109.367434980000041,-0.020222740999941,0.0],[109.367523684000048,-0.020237018999978,0.0],[109.367612389000044,-0.020251296999959,0.0],[109.367701093000051,-0.020265574999939,0.0],[109.367789797000057,-0.020279852999977,0.0],[109.367878501000064,-0.020294131999947,0.0],[109.36796720500007,-0.020308409999927,0.0],[109.368055909000077,-0.020322687999965,0.0],[109.368144613000084,-0.020336965999945,0.0],[109.368233317000033,-0.020351244999972,0.0],[109.36832202100004,-0.020365522999953,0.0],[109.368410725000047,-0.020379801999979,0.0],[109.368499429000053,-0.02039407999996,0.0],[109.36858813300006,-0.020408357999941,0.0],[109.368676838000056,-0.020422636999967,0.0],[109.368765542000062,-0.020436914999948,0.0],[109.368853116000082,-0.020456344999957,0.0],[109.368939540000042,-0.020481011999948,0.0],[109.369025965000048,-0.020505678999939,0.0],[109.369112389000065,-0.02053034599993,0.0],[109.369198814000072,-0.020555012999978,0.0],[109.369285240000067,-0.020579680999958,0.0],[109.369371664000084,-0.020604347999949,0.0],[109.369458089000034,-0.02062901599993,0.0],[109.369544513000051,-0.020653682999978,0.0],[109.369630938000057,-0.020678348999979,0.0],[109.369717362000074,-0.02070301699996,0.0],[109.369789208000043,-0.020723522999958,0.0],[109.36980378800007,-0.020727683999951,0.0],[109.369890212000087,-0.020752351999931,0.0],[109.369976637000036,-0.020777018999979,0.0],[109.370063061000053,-0.02080168599997,0.0],[109.370149486000059,-0.020826353999951,0.0],[109.370235910000076,-0.020851019999952,0.0],[109.370322336000072,-0.020875687999933,0.0],[109.370408760000089,-0.020900354999981,0.0],[109.370495185000038,-0.020925022999961,0.0],[109.370581610000045,-0.020949689999952,0.0],[109.370668034000062,-0.020974356999943,0.0],[109.370754460000057,-0.020999024999981,0.0],[109.370840884000074,-0.021023690999925,0.0],[109.370927176000066,-0.021048795999945,0.0],[109.371012522000058,-0.021077012999967,0.0],[109.371097869000039,-0.021105229999932,0.0],[109.371183216000077,-0.021133446999954,0.0],[109.371268562000068,-0.021161663999976,0.0],[109.37135390800006,-0.021189880999941,0.0],[109.371439255000041,-0.021218097999963,0.0],[109.371524602000079,-0.021246313999939,0.0],[109.371609948000071,-0.02127453099996,0.0],[109.371695294000062,-0.021302747999925,0.0],[109.371780642000033,-0.021330963999958,0.0],[109.371865988000081,-0.02135918099998,0.0],[109.371951334000073,-0.021387397999945,0.0],[109.372036681000054,-0.021415613999977,0.0],[109.372122028000035,-0.021443830999942,0.0],[109.372207374000084,-0.021472048999954,0.0],[109.372292721000065,-0.021500265999975,0.0],[109.372378067000056,-0.021528481999951,0.0],[109.372463414000038,-0.021556698999973,0.0],[109.372548761000076,-0.021584915999938,0.0],[109.372634107000067,-0.02161313199997,0.0],[109.372719454000048,-0.021641348999935,0.0],[109.37280480000004,-0.021669565999957,0.0],[109.372890147000078,-0.021697781999933,0.0],[109.372975494000059,-0.021725998999955,0.0],[109.373060362000047,-0.021755610999946,0.0],[109.373144823000075,-0.021786408999958,0.0],[109.373229285000036,-0.02181720699997,0.0],[109.373313746000065,-0.021848005999971,0.0],[109.373398208000083,-0.021878803999925,0.0],[109.373482669000055,-0.021909600999948,0.0],[109.373567131000073,-0.021940398999959,0.0],[109.373651592000044,-0.021971196999971,0.0],[109.373736054000062,-0.022001994999926,0.0],[109.373820515000034,-0.022032793999927,0.0],[109.373904978000041,-0.022063591999938,0.0],[109.37398943900007,-0.02209438999995,0.0],[109.374073901000088,-0.022125187999961,0.0],[109.37415836200006,-0.022155984999927,0.0],[109.374242824000078,-0.022186782999938,0.0],[109.374327285000049,-0.022217581999939,0.0],[109.374411747000067,-0.022248379999951,0.0],[109.374457710000058,-0.022265139999945,0.0],[109.374496209000085,-0.022279177999962,0.0],[109.374580670000057,-0.022309975999974,0.0],[109.374665132000075,-0.022340773999929,0.0],[109.374749593000047,-0.02237157199994,0.0],[109.374834055000065,-0.022402369999952,0.0],[109.374918516000037,-0.022433167999964,0.0],[109.375002978000055,-0.022463965999975,0.0],[109.375087439000083,-0.02249476399993,0.0],[109.375171901000044,-0.022525562999931,0.0],[109.375255422000066,-0.022558715999935,0.0],[109.375337545000036,-0.022595366999951,0.0],[109.375419668000063,-0.022632018999957,0.0],[109.375501791000033,-0.022668670999963,0.0],[109.37558391400006,-0.022705321999979,0.0],[109.375666037000087,-0.022741974999974,0.0],[109.375748160000057,-0.02277862699998,0.0],[109.375830283000084,-0.022815277999939,0.0],[109.375912407000044,-0.022851929999945,0.0],[109.375994530000071,-0.02288858199995,0.0],[109.376076652000052,-0.022925233999956,0.0],[109.376154961000054,-0.022960183999942,0.0],[109.376069206000068,-0.023096942999928,0.0],[109.377946876000067,-0.023786213999927,0.0],[109.378070354000045,-0.023833425999953,0.0],[109.379563098000062,-0.024404180999966,0.0],[109.381105022000042,-0.024700105999955,0.0],[109.381916127000068,-0.024855771999967,0.0],[109.383152062000079,-0.02510295899998,0.0],[109.382896557000038,-0.026606282999978,0.0],[109.382849020000037,-0.026790484999935,0.0],[109.382359401000087,-0.028568328999938,0.0],[109.382507950000047,-0.028603980999947,0.0],[109.382323384000074,-0.029118592999964,0.0],[109.382166667000035,-0.029555554999945,0.0],[109.382118749000085,-0.029921914999932,0.0],[109.382055556000068,-0.029944444999956,0.0],[109.382017047000033,-0.030037965999952,0.0],[109.381861111000035,-0.03041666699994,0.0],[109.381583970000065,-0.030783503999942,0.0],[109.381277778000083,-0.031,0.0],[109.38102542300004,-0.031324224999935,0.0],[109.380611111000064,-0.031555555999944,0.0],[109.38036111100007,-0.031805555999938,0.0]]]]}},
{"type":"Feature","properties":{"WADMKC":"Pontianak Utara","WADMKK":"Kota Pontianak","WADMPR":"Kalimantan Barat","WIADKC":null,"WIADKK":null,"WIADPR":null,"WIADKD":null,"NAMOBJ":"Pontianak Utara"},"geometry":{"type":"MultiPolygon","coordinates":[[[[109.36984125500004,0.009348492000072,0.0],[109.370051602000046,0.009246290000021,0.0],[109.37027026800007,0.009293826000032,0.0],[109.370431889000088,0.009208261000026,0.0],[109.370564990000048,0.008846988000073,0.0],[109.370698090000076,0.008248035000065,0.0],[109.370850206000057,0.007287809000047,0.0],[109.371011828000064,0.007164215000046,0.0],[109.371268522000037,0.006917029000022,0.0],[109.37152997000004,0.005545616000063,0.0],[109.371838953000065,0.003751134000026,0.0],[109.371945910000079,0.003560991000029,0.0],[109.372088517000066,0.003109400000028,0.0],[109.372158633000083,0.002562736000073,0.0],[109.372358284000086,0.001507438000033,0.0],[109.372500891000072,0.001393352000036,0.0],[109.372614978000058,0.001165179000054,0.0],[109.372653007000054,0.000761123000075,0.0],[109.372801698000046,0.000546347000068,0.0],[109.372824136000077,0.000513937000051,0.0],[109.372963897000034,0.000412610000069,0.0],[109.373014280000064,0.000376082000059,0.0],[109.373076077000064,-0.000142059999973,0.0],[109.373152134000065,-0.000413013999946,0.0],[109.373394567000048,-0.000802808999936,0.0],[109.373532422000039,-0.000978691999933,0.0],[109.373779608000063,-0.001102284999945,0.0],[109.373964998000076,-0.001335211999958,0.0],[109.374212186000079,-0.001549122999961,0.0],[109.374511662000089,-0.001877121999939,0.0],[109.374725574000081,-0.002010221999967,0.0],[109.375025050000033,-0.002148075999969,0.0],[109.375343541000063,-0.002171843999974,0.0],[109.375837915000034,-0.002352480999946,0.0],[109.376042320000067,-0.002661463999971,0.0],[109.376023305000047,-0.002770796999926,0.0],[109.375785625000049,-0.002975201999959,0.0],[109.375749977000055,-0.003103547999956,0.0],[109.375750001000085,-0.003103608999936,0.0],[109.375940117000084,-0.003513545999965,0.0],[109.375877151000054,-0.003699705999963,0.0],[109.375875439000083,-0.003704769999956,0.0],[109.375803452000071,-0.003917600999955,0.0],[109.375708380000049,-0.004066150999961,0.0],[109.375708380000049,-0.004173107999975,0.0],[109.376047073000052,-0.004713828999968,0.0],[109.376272869000047,-0.005141651999963,0.0],[109.376385766000055,-0.005373389999932,0.0],[109.376415042000076,-0.005718851999973,0.0],[109.376415476000034,-0.005723967999927,0.0],[109.37644311400004,-0.005802627999969,0.0],[109.376446530000067,-0.005812349999928,0.0],[109.376492723000069,-0.005943821999949,0.0],[109.376567589000047,-0.005997296999965,0.0],[109.376700693000089,-0.006092371999955,0.0],[109.376908662000062,-0.00627063099995,0.0],[109.377045328000065,-0.00667468599994,0.0],[109.377232698000057,-0.007252247999929,0.0],[109.377289741000084,-0.007504188999974,0.0],[109.377422843000033,-0.007708593999951,0.0],[109.377443672000084,-0.007889116999934,0.0],[109.377451364000081,-0.007955779999975,0.0],[109.377574958000082,-0.008321806999959,0.0],[109.377722319000043,-0.008763890999944,0.0],[109.377807884000049,-0.008963542999936,0.0],[109.377822145000039,-0.009562494999955,0.0],[109.377860173000045,-0.010147186999973,0.0],[109.377864750000072,-0.010517853999943,0.0],[109.377864927000076,-0.010532227999931,0.0],[109.377906771000085,-0.010745253999971,0.0],[109.377917216000071,-0.010798429999966,0.0],[109.37799186400008,-0.011056913999937,0.0],[109.377717565000069,-0.011278541999957,0.0],[109.377580662000071,-0.01150101099995,0.0],[109.377443548000088,-0.01185176599995,0.0],[109.377376257000037,-0.012023906999957,0.0],[109.377447562000043,-0.012313874999961,0.0],[109.377546024000083,-0.012288930999944,0.0],[109.377804081000079,-0.01222355699997,0.0],[109.377903874000083,-0.012214566999944,0.0],[109.378192401000035,-0.012188573999936,0.0],[109.37833173000007,-0.012176021999949,0.0],[109.378447004000066,-0.012326947999952,0.0],[109.378447494000056,-0.012376482999969,0.0],[109.37844894300008,-0.012522793999949,0.0],[109.378450569000051,-0.012687032999963,0.0],[109.378198776000033,-0.013035113999933,0.0],[109.378065528000036,-0.013186159999975,0.0],[109.377600865000034,-0.013581896999938,0.0],[109.377705705000039,-0.013839965999978,0.0],[109.377724458000046,-0.013886126999978,0.0],[109.377828253000075,-0.013823050999974,0.0],[109.378224595000063,-0.013582197999938,0.0],[109.378342426000074,-0.013510592999978,0.0],[109.378516586000046,-0.013462363999963,0.0],[109.378651409000042,-0.013425027999972,0.0],[109.378893842000082,-0.013453549999952,0.0],[109.378998422000052,-0.013605664999943,0.0],[109.378960393000057,-0.014076269999975,0.0],[109.378746481000064,-0.014418529999944,0.0],[109.378575351000052,-0.014622933999931,0.0],[109.378349655000079,-0.014722659999961,0.0],[109.377962138000044,-0.01489388899995,0.0],[109.377950869000074,-0.01490208499996,0.0],[109.377805269000078,-0.015007974999946,0.0],[109.377686703000052,-0.015101933999972,0.0],[109.377553329000079,-0.015207626999938,0.0],[109.377634140000055,-0.015393015999962,0.0],[109.377739142000053,-0.015421981999964,0.0],[109.377909848000058,-0.015469073999952,0.0],[109.378370947000064,-0.015526116999979,0.0],[109.378618134000078,-0.015682985999945,0.0],[109.378822539000055,-0.015944433999948,0.0],[109.378779756000085,-0.016134577999935,0.0],[109.378646091000064,-0.016224997999927,0.0],[109.378133267000067,-0.016571907999946,0.0],[109.37810823500007,-0.016659519999962,0.0],[109.378028688000086,-0.01693793499993,0.0],[109.377957385000059,-0.017465583999979,0.0],[109.377933616000064,-0.017855377999979,0.0],[109.377719705000061,-0.018273694999948,0.0],[109.377410721000047,-0.018696764999959,0.0],[109.377139766000084,-0.019357513999978,0.0],[109.377026907000072,-0.019623279999962,0.0],[109.376992405000067,-0.019704525999941,0.0],[109.377000182000074,-0.019792661999929,0.0],[109.377035187000047,-0.020189392999953,0.0],[109.376976955000089,-0.020589883999946,0.0],[109.377006665000067,-0.021023648999972,0.0],[109.376979621000089,-0.021136404999936,0.0],[109.37678205800006,-0.021960106999927,0.0],[109.376154961000054,-0.022960183999942,0.0],[109.376076652000052,-0.022925233999956,0.0],[109.375994530000071,-0.02288858199995,0.0],[109.375912407000044,-0.022851929999945,0.0],[109.375830283000084,-0.022815277999939,0.0],[109.375748160000057,-0.02277862699998,0.0],[109.375666037000087,-0.022741974999974,0.0],[109.37558391400006,-0.022705321999979,0.0],[109.375501791000033,-0.022668670999963,0.0],[109.375419668000063,-0.022632018999957,0.0],[109.375337545000036,-0.022595366999951,0.0],[109.375255422000066,-0.022558715999935,0.0],[109.375171901000044,-0.022525562999931,0.0],[109.375087439000083,-0.02249476399993,0.0],[109.375002978000055,-0.022463965999975,0.0],[109.374918516000037,-0.022433167999964,0.0],[109.374834055000065,-0.022402369999952,0.0],[109.374749593000047,-0.02237157199994,0.0],[109.374665132000075,-0.022340773999929,0.0],[109.374580670000057,-0.022309975999974,0.0],[109.374496209000085,-0.022279177999962,0.0],[109.374457710000058,-0.022265139999945,0.0],[109.374411747000067,-0.022248379999951,0.0],[109.374327285000049,-0.022217581999939,0.0],[109.374242824000078,-0.022186782999938,0.0],[109.37415836200006,-0.022155984999927,0.0],[109.374073901000088,-0.022125187999961,0.0],[109.37398943900007,-0.02209438999995,0.0],[109.373904978000041,-0.022063591999938,0.0],[109.373820515000034,-0.022032793999927,0.0],[109.373736054000062,-0.022001994999926,0.0],[109.373651592000044,-0.021971196999971,0.0],[109.373567131000073,-0.021940398999959,0.0],[109.373482669000055,-0.021909600999948,0.0],[109.373398208000083,-0.021878803999925,0.0],[109.373313746000065,-0.021848005999971,0.0],[109.373229285000036,-0.02181720699997,0.0],[109.373144823000075,-0.021786408999958,0.0],[109.373060362000047,-0.021755610999946,0.0],[109.372975494000059,-0.021725998999955,0.0],[109.372890147000078,-0.021697781999933,0.0],[109.37280480000004,-0.021669565999957,0.0],[109.372719454000048,-0.021641348999935,0.0],[109.372634107000067,-0.02161313199997,0.0],[109.372548761000076,-0.021584915999938,0.0],[109.372463414000038,-0.021556698999973,0.0],[109.372378067000056,-0.021528481999951,0.0],[109.372292721000065,-0.021500265999975,0.0],[109.372207374000084,-0.021472048999954,0.0],[109.372122028000035,-0.021443830999942,0.0],[109.372036681000054,-0.021415613999977,0.0],[109.371951334000073,-0.021387397999945,0.0],[109.371865988000081,-0.02135918099998,0.0],[109.371780642000033,-0.021330963999958,0.0],[109.371695294000062,-0.021302747999925,0.0],[109.371609948000071,-0.02127453099996,0.0],[109.371524602000079,-0.021246313999939,0.0],[109.371439255000041,-0.021218097999963,0.0],[109.37135390800006,-0.021189880999941,0.0],[109.371268562000068,-0.021161663999976,0.0],[109.371183216000077,-0.021133446999954,0.0],[109.371097869000039,-0.021105229999932,0.0],[109.371012522000058,-0.021077012999967,0.0],[109.370927176000066,-0.021048795999945,0.0],[109.370840884000074,-0.021023690999925,0.0],[109.370754460000057,-0.020999024999981,0.0],[109.370668034000062,-0.020974356999943,0.0],[109.370581610000045,-0.020949689999952,0.0],[109.370495185000038,-0.020925022999961,0.0],[109.370408760000089,-0.020900354999981,0.0],[109.370322336000072,-0.020875687999933,0.0],[109.370235910000076,-0.020851019999952,0.0],[109.370149486000059,-0.020826353999951,0.0],[109.370063061000053,-0.02080168599997,0.0],[109.369976637000036,-0.020777018999979,0.0],[109.369890212000087,-0.020752351999931,0.0],[109.36980378800007,-0.020727683999951,0.0],[109.369789208000043,-0.020723522999958,0.0],[109.369717362000074,-0.02070301699996,0.0],[109.369630938000057,-0.020678348999979,0.0],[109.369544513000051,-0.020653682999978,0.0],[109.369458089000034,-0.02062901599993,0.0],[109.369371664000084,-0.020604347999949,0.0],[109.369285240000067,-0.020579680999958,0.0],[109.369198814000072,-0.020555012999978,0.0],[109.369112389000065,-0.02053034599993,0.0],[109.369025965000048,-0.020505678999939,0.0],[109.368939540000042,-0.020481011999948,0.0],[109.368853116000082,-0.020456344999957,0.0],[109.368765542000062,-0.020436914999948,0.0],[109.368676838000056,-0.020422636999967,0.0],[109.36858813300006,-0.020408357999941,0.0],[109.368499429000053,-0.02039407999996,0.0],[109.368410725000047,-0.020379801999979,0.0],[109.36832202100004,-0.020365522999953,0.0],[109.368233317000033,-0.020351244999972,0.0],[109.368144613000084,-0.020336965999945,0.0],[109.368055909000077,-0.020322687999965,0.0],[109.36796720500007,-0.020308409999927,0.0],[109.367878501000064,-0.020294131999947,0.0],[109.367789797000057,-0.020279852999977,0.0],[109.367701093000051,-0.020265574999939,0.0],[109.367612389000044,-0.020251296999959,0.0],[109.367523684000048,-0.020237018999978,0.0],[109.367434980000041,-0.020222740999941,0.0],[109.367346276000035,-0.020208461999971,0.0],[109.367257572000085,-0.020194183999934,0.0],[109.367168868000078,-0.020179905999953,0.0],[109.367080164000072,-0.020165627999972,0.0],[109.366991460000065,-0.020151348999946,0.0],[109.366902755000069,-0.020137070999965,0.0],[109.366814051000063,-0.020122792999928,0.0],[109.366725347000056,-0.020108514999947,0.0],[109.366636643000049,-0.020094235999977,0.0],[109.366547939000043,-0.02007995799994,0.0],[109.366459235000036,-0.020065679999959,0.0],[109.366370531000086,-0.020051401999979,0.0],[109.36628182700008,-0.020037123999941,0.0],[109.366193124000063,-0.020022844999971,0.0],[109.366104420000056,-0.020008566999934,0.0],[109.36601571500006,-0.019994288999953,0.0],[109.365927011000053,-0.019980010999973,0.0],[109.365838307000047,-0.019965731999946,0.0],[109.36574960300004,-0.019951453999965,0.0],[109.365660899000034,-0.019937175999928,0.0],[109.365572195000084,-0.019922897999948,0.0],[109.365483491000077,-0.019908619999967,0.0],[109.365394787000071,-0.01989434099994,0.0],[109.365305939000052,-0.019881371999929,0.0],[109.365216280000084,-0.019875771999978,0.0],[109.365126622000048,-0.019870171999969,0.0],[109.365036964000069,-0.01986457199996,0.0],[109.364947306000033,-0.019858970999962,0.0],[109.364857648000054,-0.019853370999954,0.0],[109.364767990000075,-0.019847770999945,0.0],[109.36467833200004,-0.019842170999937,0.0],[109.364588673000071,-0.019836569999939,0.0],[109.364499014000046,-0.01983096999993,0.0],[109.364409356000067,-0.019825369999978,0.0],[109.364319698000088,-0.01981976899998,0.0],[109.364230040000052,-0.019814168999972,0.0],[109.364140382000073,-0.019808568999963,0.0],[109.364050724000037,-0.019802968999954,0.0],[109.363961066000059,-0.019797367999956,0.0],[109.363871407000033,-0.019791766999958,0.0],[109.363781679000056,-0.01979347799994,0.0],[109.363691930000073,-0.01979733099995,0.0],[109.363602181000033,-0.019801184999949,0.0],[109.36351243200005,-0.019805037999959,0.0],[109.363422683000067,-0.019808891999958,0.0],[109.363332934000084,-0.019812744999967,0.0],[109.363243185000044,-0.019816597999977,0.0],[109.362973938000039,-0.019828158999928,0.0],[109.362884189000056,-0.019832011999938,0.0],[109.362794440000073,-0.019835865999937,0.0],[109.362704692000079,-0.019839718999947,0.0],[109.36261494200005,-0.019843573999935,0.0],[109.362525193000067,-0.019847426999945,0.0],[109.362435444000084,-0.019851280999944,0.0],[109.362345695000045,-0.019855133999954,0.0],[109.362255947000051,-0.019858987999953,0.0],[109.362166190000039,-0.019862628999931,0.0],[109.362076410000043,-0.019865689999961,0.0],[109.361986631000036,-0.019868750999933,0.0],[109.361896853000076,-0.019871811999963,0.0],[109.36180707300008,-0.019874873999925,0.0],[109.361717295000062,-0.019877934999954,0.0],[109.361627515000066,-0.019880995999927,0.0],[109.361537736000059,-0.019884057999946,0.0],[109.361447958000042,-0.019887118999975,0.0],[109.361358178000046,-0.019890179999948,0.0],[109.361268399000039,-0.019893240999977,0.0],[109.361178621000079,-0.019896302999939,0.0],[109.361088841000083,-0.019899363999969,0.0],[109.360999062000076,-0.019902424999941,0.0],[109.360909284000059,-0.019905485999971,0.0],[109.360819504000062,-0.019908547999933,0.0],[109.360729725000056,-0.019911608999962,0.0],[109.360639947000038,-0.019914669999935,0.0],[109.360550167000042,-0.019917730999964,0.0],[109.360460388000035,-0.019920792999926,0.0],[109.360370754000087,-0.019925895999961,0.0],[109.360281453000084,-0.019935698999973,0.0],[109.360192152000081,-0.019945501999928,0.0],[109.360102851000079,-0.01995530399995,0.0],[109.360013550000076,-0.019965105999972,0.0],[109.359924248000084,-0.019974908999927,0.0],[109.359834948000071,-0.019984711999939,0.0],[109.359745646000079,-0.019994513999961,0.0],[109.359656345000076,-0.020004316999973,0.0],[109.359567043000084,-0.020014118999939,0.0],[109.35947774300007,-0.02002392199995,0.0],[109.359388442000068,-0.020033723999973,0.0],[109.359299140000076,-0.020043526999928,0.0],[109.359209840000062,-0.02005332899995,0.0],[109.35912053800007,-0.020063131999962,0.0],[109.359031237000067,-0.020072934999973,0.0],[109.358941936000065,-0.020082736999939,0.0],[109.358852635000062,-0.020092538999961,0.0],[109.358763334000059,-0.020102341999973,0.0],[109.358674032000067,-0.020112144999928,0.0],[109.358584732000054,-0.02012194699995,0.0],[109.358495431000051,-0.020131749999962,0.0],[109.358406129000059,-0.020141551999927,0.0],[109.358316828000056,-0.020151354999939,0.0],[109.358227527000054,-0.020161157999951,0.0],[109.358138226000051,-0.020170959999973,0.0],[109.358048925000048,-0.020180761999939,0.0],[109.357959624000046,-0.02019056499995,0.0],[109.357870323000043,-0.020200367999962,0.0],[109.35778102200004,-0.020210169999928,0.0],[109.357691720000048,-0.02021997199995,0.0],[109.357602420000035,-0.020229774999962,0.0],[109.357513119000089,-0.020239577999973,0.0],[109.35742381700004,-0.020249379999939,0.0],[109.357336209000039,-0.020269097999972,0.0],[109.357248783000045,-0.020289875999936,0.0],[109.357161355000073,-0.020310655999936,0.0],[109.357073928000034,-0.020331433999957,0.0],[109.356986502000041,-0.020352213999956,0.0],[109.356899074000069,-0.020372991999977,0.0],[109.356811648000075,-0.020393771999977,0.0],[109.356724221000036,-0.020414549999941,0.0],[109.356636793000064,-0.020435329999941,0.0],[109.356549367000071,-0.020456107999962,0.0],[109.356461939000042,-0.020476886999973,0.0],[109.356374513000048,-0.020497665999926,0.0],[109.356287086000066,-0.020518444999936,0.0],[109.356199659000083,-0.020539223999947,0.0],[109.356112799000073,-0.020561920999967,0.0],[109.356028316000049,-0.020592655999963,0.0],[109.355943833000083,-0.020623391999948,0.0],[109.35585934900007,-0.020654126999943,0.0],[109.355774866000047,-0.020684862999929,0.0],[109.355690383000081,-0.020715597999924,0.0],[109.355605900000057,-0.020746333999966,0.0],[109.355521416000045,-0.020777068999962,0.0],[109.355436933000078,-0.020807803999958,0.0],[109.355352450000055,-0.020838539999943,0.0],[109.355267968000078,-0.020869274999939,0.0],[109.355183485000055,-0.02090001199997,0.0],[109.355099001000042,-0.020930746999966,0.0],[109.355014518000075,-0.020961482999951,0.0],[109.354930035000052,-0.020992217999947,0.0],[109.354845552000086,-0.021022953999932,0.0],[109.354761069000062,-0.021053688999928,0.0],[109.35467658500005,-0.02108442399998,0.0],[109.354592102000083,-0.021115159999965,0.0],[109.35450761900006,-0.021145894999961,0.0],[109.354423137000083,-0.021176630999946,0.0],[109.35433865300007,-0.021207365999942,0.0],[109.354251408000039,-0.021228850999933,0.0],[109.354164093000065,-0.021250105999968,0.0],[109.354076780000071,-0.021271360999947,0.0],[109.353989466000087,-0.021292615999926,0.0],[109.353902152000046,-0.021313870999961,0.0],[109.353814838000062,-0.02133512599994,0.0],[109.353727525000068,-0.021356380999975,0.0],[109.353640211000084,-0.021377635999954,0.0],[109.353552897000043,-0.021398890999933,0.0],[109.353465583000059,-0.021420145999969,0.0],[109.353378269000075,-0.021441400999947,0.0],[109.35329095600008,-0.021462655999926,0.0],[109.35320364100005,-0.021483910999962,0.0],[109.353116328000056,-0.02150516599994,0.0],[109.353029014000072,-0.021526420999976,0.0],[109.352941701000077,-0.021547676999944,0.0],[109.352854386000047,-0.02156893199998,0.0],[109.352767073000052,-0.021590186999958,0.0],[109.352679759000068,-0.021611441999937,0.0],[109.352592445000084,-0.021632696999973,0.0],[109.352503905000049,-0.021647327999972,0.0],[109.35241484900007,-0.021659175999957,0.0],[109.352325793000034,-0.021671023999943,0.0],[109.352236737000055,-0.021682870999939,0.0],[109.352147681000076,-0.021694718999925,0.0],[109.352058625000041,-0.021706566999967,0.0],[109.351969569000062,-0.021718414999953,0.0],[109.351880514000072,-0.021730262999938,0.0],[109.351791458000037,-0.02174211099998,0.0],[109.351702402000058,-0.021753958999966,0.0],[109.351613346000079,-0.021765806999952,0.0],[109.351524291000032,-0.021777653999948,0.0],[109.351435235000054,-0.021789501999933,0.0],[109.351346179000075,-0.021801349999976,0.0],[109.351257124000085,-0.021813196999972,0.0],[109.35116806800005,-0.021825044999957,0.0],[109.351079012000071,-0.021836892999943,0.0],[109.350989956000035,-0.021848740999928,0.0],[109.350900900000056,-0.021860588999971,0.0],[109.350811845000067,-0.021872436999956,0.0],[109.350722789000088,-0.021884283999952,0.0],[109.350633733000052,-0.021896131999938,0.0],[109.350544677000073,-0.02190797999998,0.0],[109.350455621000037,-0.021919827999966,0.0],[109.350366566000048,-0.021931675999951,0.0],[109.350277510000069,-0.021943523999937,0.0],[109.350188454000033,-0.021955371999979,0.0],[109.350099398000054,-0.021967218999976,0.0],[109.350010343000065,-0.021979066999961,0.0],[109.349921287000086,-0.021990914999947,0.0],[109.34983223100005,-0.022002761999943,0.0],[109.349743175000071,-0.022014609999928,0.0],[109.349654119000036,-0.022026457999971,0.0],[109.349621830000046,-0.022030753999957,0.0],[109.349565064000046,-0.022038305999956,0.0],[109.349476008000067,-0.022050152999952,0.0],[109.349386952000089,-0.022062000999938,0.0],[109.349297897000042,-0.02207384899998,0.0],[109.349208841000063,-0.022085696999966,0.0],[109.349119785000084,-0.022097544999951,0.0],[109.349030729000049,-0.022109392999937,0.0],[109.348941674000059,-0.022121239999933,0.0],[109.34885261800008,-0.022133087999975,0.0],[109.348763562000045,-0.022144935999961,0.0],[109.348674506000066,-0.022156783999947,0.0],[109.348585451000076,-0.022168631999932,0.0],[109.348496395000041,-0.022180478999928,0.0],[109.348407339000062,-0.022192326999971,0.0],[109.348318284000072,-0.022204173999967,0.0],[109.348229228000037,-0.022216021999952,0.0],[109.348140172000058,-0.022227869999938,0.0],[109.348051117000068,-0.02223971799998,0.0],[109.347962061000032,-0.022251565999966,0.0],[109.347873005000054,-0.022263413999951,0.0],[109.347783950000064,-0.022275260999947,0.0],[109.347694894000085,-0.022287108999933,0.0],[109.34760583800005,-0.022298956999975,0.0],[109.34751678300006,-0.022310804999961,0.0],[109.347427727000081,-0.022322652999947,0.0],[109.347338671000045,-0.022334499999943,0.0],[109.347249382000086,-0.022344367999949,0.0],[109.347160047000045,-0.022353844999941,0.0],[109.347070712000061,-0.022363321999933,0.0],[109.346981377000077,-0.022372797999935,0.0],[109.346892041000046,-0.022382275999973,0.0],[109.346802706000062,-0.022391752999965,0.0],[109.346713371000078,-0.022401228999968,0.0],[109.346624036000037,-0.022410706999949,0.0],[109.346534701000053,-0.022420182999952,0.0],[109.346445366000069,-0.022429659999943,0.0],[109.346356030000038,-0.022439136999935,0.0],[109.346266695000054,-0.022448613999927,0.0],[109.34617736000007,-0.022458090999976,0.0],[109.346088025000086,-0.022467567999968,0.0],[109.345998689000055,-0.02247704499996,0.0],[109.345909354000071,-0.022486520999962,0.0],[109.345820019000087,-0.022495998999943,0.0],[109.345730683000056,-0.022505474999946,0.0],[109.345641349000061,-0.022514951999938,0.0],[109.345552014000077,-0.02252442899993,0.0],[109.345462678000047,-0.022533905999978,0.0],[109.345387354000081,-0.022544707999941,0.0],[109.345374107000055,-0.022546606999924,0.0],[109.345290139000042,-0.022578739999972,0.0],[109.34520617000004,-0.022610870999927,0.0],[109.345122202000084,-0.022643003999974,0.0],[109.345038233000082,-0.022675135999975,0.0],[109.344954266000059,-0.022707268999966,0.0],[109.344870297000057,-0.022739399999978,0.0],[109.344786329000044,-0.022771532999968,0.0],[109.344702360000042,-0.022803664999969,0.0],[109.344618392000086,-0.02283579799996,0.0],[109.344534424000074,-0.022867928999972,0.0],[109.344450455000072,-0.022900061999962,0.0],[109.344366487000059,-0.022932193999964,0.0],[109.344282519000046,-0.022964325999965,0.0],[109.344198551000034,-0.022996457999966,0.0],[109.34413578300007,-0.023063352999941,0.0],[109.344080777000045,-0.022992448999958,0.0],[109.344019193000065,-0.022926610999946,0.0],[109.343957610000075,-0.022860772999934,0.0],[109.343896026000039,-0.022794933999933,0.0],[109.343834443000048,-0.022729095999978,0.0],[109.343772860000058,-0.022663257999966,0.0],[109.343711276000079,-0.022597418999965,0.0],[109.343649692000042,-0.022531580999953,0.0],[109.343588109000052,-0.022465742999941,0.0],[109.343563566000057,-0.022439503999976,0.0],[109.343526525000073,-0.02239990399994,0.0],[109.343461438000077,-0.022337922999952,0.0],[109.343390826000075,-0.022282020999967,0.0],[109.343320213000084,-0.02222612099996,0.0],[109.343249599000046,-0.022170219999964,0.0],[109.343178987000044,-0.022114319999957,0.0],[109.343108374000053,-0.022058417999972,0.0],[109.343037761000062,-0.022002517999965,0.0],[109.34296714900006,-0.021946616999969,0.0],[109.342896535000079,-0.021890716999962,0.0],[109.342848561000039,-0.02185273799995,0.0],[109.342825922000088,-0.021834815999966,0.0],[109.342755310000086,-0.02177891499997,0.0],[109.342684697000038,-0.021723014999964,0.0],[109.342614084000047,-0.021667113999968,0.0],[109.342543471000056,-0.021611213999961,0.0],[109.342472858000065,-0.021555312999965,0.0],[109.342402245000073,-0.021499411999969,0.0],[109.342331633000072,-0.021443510999973,0.0],[109.342261019000034,-0.021387610999966,0.0],[109.342190407000032,-0.02133170999997,0.0],[109.342119794000041,-0.021275809999963,0.0],[109.34204918100005,-0.021219908999967,0.0],[109.341978569000048,-0.021164007999971,0.0],[109.341907955000067,-0.021108107999964,0.0],[109.341837342000076,-0.021052206999968,0.0],[109.341766730000074,-0.020996306999962,0.0],[109.341696117000083,-0.020940405999966,0.0],[109.341625504000035,-0.02088450499997,0.0],[109.341554891000044,-0.020828604999963,0.0],[109.341484278000053,-0.020772703999967,0.0],[109.341413666000051,-0.020716802999971,0.0],[109.34134305300006,-0.020660902999964,0.0],[109.341272439000079,-0.020605001999968,0.0],[109.341201827000077,-0.020549101999961,0.0],[109.341131214000086,-0.020493200999965,0.0],[109.341060601000038,-0.020437299999969,0.0],[109.340989989000036,-0.020381399999962,0.0],[109.340919375000055,-0.020325498999966,0.0],[109.340848763000054,-0.02026959899996,0.0],[109.340781091000053,-0.020210191999979,0.0],[109.340714528000035,-0.020149463999928,0.0],[109.340647965000073,-0.020088735999934,0.0],[109.340581402000055,-0.020028006999951,0.0],[109.340514839000036,-0.019967278999957,0.0],[109.340448276000075,-0.019906550999963,0.0],[109.340381713000056,-0.019845821999979,0.0],[109.340315150000038,-0.019785093999928,0.0],[109.340248587000076,-0.019724365999934,0.0],[109.340182024000057,-0.019663636999951,0.0],[109.340115461000039,-0.019602909999946,0.0],[109.340048898000077,-0.019542180999963,0.0],[109.339982335000059,-0.01948145199998,0.0],[109.33991577200004,-0.019420724999975,0.0],[109.339849209000079,-0.019359995999935,0.0],[109.33978264700005,-0.019299267999941,0.0],[109.339716084000088,-0.019238539999947,0.0],[109.339649521000069,-0.019177810999963,0.0],[109.339582957000061,-0.019117083999959,0.0],[109.339516394000043,-0.019056354999975,0.0],[109.339449831000081,-0.018995625999935,0.0],[109.339383268000063,-0.01893489899993,0.0],[109.339316705000044,-0.018874169999947,0.0],[109.339250142000083,-0.018813441999953,0.0],[109.339183579000064,-0.018752713999959,0.0],[109.339117017000035,-0.018691984999975,0.0],[109.339050454000073,-0.018631257999971,0.0],[109.338983891000055,-0.018570528999931,0.0],[109.338917328000036,-0.018509800999936,0.0],[109.338850765000075,-0.018449072999942,0.0],[109.338784202000056,-0.018388343999959,0.0],[109.338717638000048,-0.018327616999954,0.0],[109.338651075000087,-0.018266887999971,0.0],[109.338584512000068,-0.018206159999977,0.0],[109.338517950000039,-0.018145431999926,0.0],[109.338451387000077,-0.018084703999932,0.0],[109.338384824000059,-0.018023975999938,0.0],[109.33831826100004,-0.017963247999944,0.0],[109.338251698000079,-0.017902518999961,0.0],[109.338239583000075,-0.01789146599998,0.0],[109.33818513500006,-0.017841790999967,0.0],[109.338118572000042,-0.017781062999973,0.0],[109.338112761000048,-0.017775760999939,0.0],[109.33805200900008,-0.017720333999932,0.0],[109.337985446000062,-0.017659606999928,0.0],[109.337918883000043,-0.017598877999944,0.0],[109.337852320000081,-0.01753815099994,0.0],[109.337785757000063,-0.017477421999956,0.0],[109.337719194000044,-0.017416693999962,0.0],[109.337691828000061,-0.017391726999961,0.0],[109.337652631000083,-0.017355965999968,0.0],[109.337586068000064,-0.017295237999974,0.0],[109.337519505000046,-0.017234508999934,0.0],[109.337452942000084,-0.017173781999929,0.0],[109.337386379000066,-0.017113052999946,0.0],[109.337319816000047,-0.017052325999941,0.0],[109.337253254000075,-0.016991596999958,0.0],[109.337186691000056,-0.016930868999964,0.0],[109.337120128000038,-0.01687014099997,0.0],[109.337053565000076,-0.016809412999976,0.0],[109.336987002000058,-0.016748684999925,0.0],[109.336920439000039,-0.016687956999931,0.0],[109.336853876000077,-0.016627228999937,0.0],[109.33678731200007,-0.016566500999943,0.0],[109.336720749000051,-0.016505772999949,0.0],[109.336654186000032,-0.016445043999965,0.0],[109.33658762400006,-0.016384316999961,0.0],[109.336521061000042,-0.016323587999977,0.0],[109.33645449800008,-0.016262860999973,0.0],[109.336387935000062,-0.016202132999979,0.0],[109.336321372000043,-0.016141403999939,0.0],[109.336254809000081,-0.016080676999934,0.0],[109.336188246000063,-0.016019947999951,0.0],[109.336121683000044,-0.015959219999957,0.0],[109.336055120000083,-0.015898491999963,0.0],[109.335988558000054,-0.015837763999969,0.0],[109.335921995000035,-0.015777036999964,0.0],[109.335855432000074,-0.01571630799998,0.0],[109.335788869000055,-0.01565557999993,0.0],[109.335722306000036,-0.015594851999936,0.0],[109.335655742000085,-0.015534123999942,0.0],[109.335589179000067,-0.015473396999937,0.0],[109.335522616000048,-0.015412667999954,0.0],[109.335456053000087,-0.01535193999996,0.0],[109.335388790000081,-0.015292030999944,0.0],[109.335319275000074,-0.015234754999938,0.0],[109.335289505000048,-0.015210225999965,0.0],[109.335249759000078,-0.015177476999952,0.0],[109.335180243000082,-0.015120199999956,0.0],[109.334763150000072,-0.014776537999978,0.0],[109.334624119000068,-0.014661983999929,0.0],[109.334554603000072,-0.014604706999933,0.0],[109.334485088000065,-0.014547428999947,0.0],[109.334415572000069,-0.014490151999951,0.0],[109.334346057000062,-0.014432875999944,0.0],[109.334276541000065,-0.014375597999958,0.0],[109.334207025000069,-0.014318320999962,0.0],[109.334137510000062,-0.014261044999955,0.0],[109.334067994000065,-0.01420376699997,0.0],[109.333998479000059,-0.014146489999973,0.0],[109.333985467000048,-0.01413576899995,0.0],[109.333928963000062,-0.014089213999966,0.0],[109.333859448000055,-0.014031935999924,0.0],[109.333789932000059,-0.013974658999928,0.0],[109.333720416000062,-0.013917381999931,0.0],[109.333650901000055,-0.013860105999925,0.0],[109.333581386000048,-0.013802827999939,0.0],[109.333511870000052,-0.013745550999943,0.0],[109.333442354000056,-0.013688274999936,0.0],[109.333372838000059,-0.01363099699995,0.0],[109.333303324000042,-0.013573719999954,0.0],[109.333233808000045,-0.013516443999947,0.0],[109.333164292000049,-0.013459166999951,0.0],[109.333094776000053,-0.013401888999965,0.0],[109.333025261000046,-0.013344611999969,0.0],[109.332955746000039,-0.013287335999962,0.0],[109.332886230000042,-0.013230058999966,0.0],[109.332816714000046,-0.01317278099998,0.0],[109.332747199000039,-0.013115504999973,0.0],[109.332677683000043,-0.013058227999977,0.0],[109.332608168000036,-0.013000950999924,0.0],[109.332538652000039,-0.012943673999928,0.0],[109.332469137000032,-0.012886396999932,0.0],[109.332399621000036,-0.012829119999935,0.0],[109.332330106000086,-0.012771842999939,0.0],[109.332260590000033,-0.012714566999932,0.0],[109.332191075000082,-0.012657288999947,0.0],[109.332121559000086,-0.01260001199995,0.0],[109.332052043000033,-0.012542735999943,0.0],[109.331982528000083,-0.012485458999947,0.0],[109.331913013000076,-0.012428181999951,0.0],[109.331843497000079,-0.012370904999955,0.0],[109.331773981000083,-0.012313627999958,0.0],[109.331704466000076,-0.012256350999962,0.0],[109.331634951000069,-0.012199073999966,0.0],[109.331565435000073,-0.012141797999959,0.0],[109.331495919000076,-0.012084520999963,0.0],[109.331426404000069,-0.012027243999967,0.0],[109.331356888000073,-0.01196996699997,0.0],[109.331287373000066,-0.011912689999974,0.0],[109.33121785700007,-0.011855412999978,0.0],[109.331148342000063,-0.011798136999971,0.0],[109.331078826000066,-0.011740859999975,0.0],[109.33100931000007,-0.011683582999979,0.0],[109.330939795000063,-0.011626305999926,0.0],[109.330870280000056,-0.011569028999929,0.0],[109.33080076400006,-0.011511751999933,0.0],[109.330731248000063,-0.011454474999937,0.0],[109.330661733000056,-0.01139719899993,0.0],[109.330592218000049,-0.011339921999934,0.0],[109.330522702000053,-0.011282644999937,0.0],[109.330453186000057,-0.011225368999931,0.0],[109.33038367100005,-0.011168091999934,0.0],[109.330314155000053,-0.011110813999949,0.0],[109.330244640000046,-0.011053536999952,0.0],[109.330175848000067,-0.010995387999969,0.0],[109.330107374000079,-0.010936852999976,0.0],[109.330038900000034,-0.010878317999925,0.0],[109.329970428000081,-0.010819782999931,0.0],[109.329901954000036,-0.010761246999948,0.0],[109.329833480000048,-0.010702711999954,0.0],[109.329765007000049,-0.010644176999961,0.0],[109.32969653400005,-0.010585641999967,0.0],[109.329628060000061,-0.010527105999927,0.0],[109.329559586000073,-0.010468570999933,0.0],[109.329491113000074,-0.010410035999939,0.0],[109.329422640000075,-0.010351500999946,0.0],[109.329354166000087,-0.010292965999952,0.0],[109.329285693000088,-0.010234429999969,0.0],[109.329217219000043,-0.010175894999975,0.0],[109.329148746000044,-0.010117360999971,0.0],[109.329080273000045,-0.010058825999977,0.0],[109.329011799000057,-0.010000289999937,0.0],[109.328943325000068,-0.009941754999943,0.0],[109.328874853000059,-0.009883219999949,0.0],[109.328806379000071,-0.009824684999955,0.0],[109.328737905000082,-0.009766149999962,0.0],[109.328669432000083,-0.009707613999979,0.0],[109.328600959000084,-0.009649078999928,0.0],[109.328532485000039,-0.00959054499998,0.0],[109.32846401200004,-0.00953200999993,0.0],[109.328395539000041,-0.009473474999936,0.0],[109.328327065000053,-0.009414938999953,0.0],[109.328258591000065,-0.009356403999959,0.0],[109.328190118000066,-0.009297868999965,0.0],[109.328121645000067,-0.009239333999972,0.0],[109.328053171000079,-0.009180798999978,0.0],[109.32798469800008,-0.009122263999927,0.0],[109.327916224000035,-0.009063728999934,0.0],[109.327847751000036,-0.00900519399994,0.0],[109.327779278000037,-0.008946658999946,0.0],[109.327710804000048,-0.008888122999963,0.0],[109.32764233000006,-0.008829588999959,0.0],[109.327573858000051,-0.008771053999965,0.0],[109.327505384000062,-0.008712518999971,0.0],[109.327436910000074,-0.008653982999931,0.0],[109.327368437000075,-0.008595447999937,0.0],[109.327299964000076,-0.008536912999944,0.0],[109.327231490000088,-0.008478378999939,0.0],[109.327163017000089,-0.008419843999945,0.0],[109.327094543000044,-0.008361307999962,0.0],[109.327026070000045,-0.008302772999969,0.0],[109.326957597000046,-0.008244237999975,0.0],[109.326889123000058,-0.00818570399997,0.0],[109.326820649000069,-0.00812716799993,0.0],[109.32675217700006,-0.008068632999937,0.0],[109.326683703000072,-0.008010097999943,0.0],[109.326615229000083,-0.007951563999939,0.0],[109.326546756000084,-0.007893028999945,0.0],[109.326478283000085,-0.007834492999962,0.0],[109.32640980900004,-0.007775957999968,0.0],[109.326341336000041,-0.007717423999964,0.0],[109.326272862000053,-0.00765888899997,0.0],[109.326204389000054,-0.00760035299993,0.0],[109.326135916000055,-0.007541817999936,0.0],[109.326067442000067,-0.007483283999932,0.0],[109.325998969000068,-0.007424748999938,0.0],[109.325930496000069,-0.007366213999944,0.0],[109.325862022000081,-0.00730767899995,0.0],[109.325793549000082,-0.007249143999957,0.0],[109.325725075000037,-0.007190608999963,0.0],[109.325656602000038,-0.007132073999969,0.0],[109.325588129000039,-0.007073539999965,0.0],[109.325519655000051,-0.007015003999925,0.0],[109.325451182000052,-0.006956468999931,0.0],[109.325382709000053,-0.006897934999927,0.0],[109.325314235000064,-0.006839399999933,0.0],[109.325245761000076,-0.00678086399995,0.0],[109.325177289000067,-0.006722329999945,0.0],[109.325108815000078,-0.006663794999952,0.0],[109.325040341000033,-0.006605259999958,0.0],[109.324971868000034,-0.006546725999954,0.0],[109.324903395000035,-0.00648818999997,0.0],[109.324834921000047,-0.006429654999977,0.0],[109.324766448000048,-0.006371120999972,0.0],[109.32469797400006,-0.006312585999979,0.0],[109.32462950200005,-0.006254049999939,0.0],[109.324561028000062,-0.006195515999934,0.0],[109.324492554000074,-0.006136980999941,0.0],[109.324424081000075,-0.006078445999947,0.0],[109.324355608000076,-0.006019911999942,0.0],[109.324287134000087,-0.005961375999959,0.0],[109.324218661000089,-0.005902841999955,0.0],[109.324150187000043,-0.005844306999961,0.0],[109.324081714000044,-0.005785771999967,0.0],[109.324013241000046,-0.005727236999974,0.0],[109.323944767000057,-0.00566870199998,0.0],[109.323876294000058,-0.005610167999976,0.0],[109.323807821000059,-0.005551632999925,0.0],[109.323739347000071,-0.005493097999931,0.0],[109.323670874000072,-0.005434562999937,0.0],[109.323602400000084,-0.005376027999944,0.0],[109.323533927000085,-0.005317493999939,0.0],[109.323465454000086,-0.005258958999946,0.0],[109.323396980000041,-0.005200423999952,0.0],[109.323328507000042,-0.005141888999958,0.0],[109.323252798000055,-0.005093226999975,0.0],[109.323177040000076,-0.005044631999965,0.0],[109.323101282000039,-0.004996037999945,0.0],[109.323025525000048,-0.004947442999935,0.0],[109.322949767000068,-0.004898847999925,0.0],[109.322874009000088,-0.004850252999972,0.0],[109.322798251000052,-0.004801658999952,0.0],[109.322722493000072,-0.004753063999942,0.0],[109.322646736000081,-0.004704468999932,0.0],[109.322570977000055,-0.00465587399998,0.0],[109.322495219000075,-0.004607279999959,0.0],[109.322419461000038,-0.004558684999949,0.0],[109.322343703000058,-0.00451008999994,0.0],[109.322267946000068,-0.00446149499993,0.0],[109.322192188000088,-0.004412900999966,0.0],[109.322116430000051,-0.004364305999957,0.0],[109.322040672000071,-0.004315710999947,0.0],[109.321964914000034,-0.004267116999927,0.0],[109.321889156000054,-0.004218522999963,0.0],[109.321813399000064,-0.004169927999953,0.0],[109.321737640000038,-0.004121332999944,0.0],[109.321661882000058,-0.004072737999934,0.0],[109.321586124000078,-0.00402414399997,0.0],[109.321510367000087,-0.003975548999961,0.0],[109.32143460900005,-0.003926953999951,0.0],[109.32135885100007,-0.003878358999941,0.0],[109.321283093000034,-0.003829764999978,0.0],[109.321207335000054,-0.003781169999968,0.0],[109.321131578000063,-0.003732574999958,0.0],[109.321055820000083,-0.003683980999938,0.0],[109.320980062000046,-0.003635386999974,0.0],[109.320904303000077,-0.003586791999965,0.0],[109.320828546000087,-0.003538196999955,0.0],[109.32075278800005,-0.003489601999945,0.0],[109.32067703000007,-0.003441007999925,0.0],[109.320601272000033,-0.003392412999972,0.0],[109.320525514000053,-0.003343817999962,0.0],[109.320449757000063,-0.003295222999952,0.0],[109.320373999000083,-0.003246629999978,0.0],[109.320298241000046,-0.003198034999969,0.0],[109.320222483000066,-0.003149439999959,0.0],[109.320146725000086,-0.003100844999949,0.0],[109.320064075000062,-0.003065439999943,0.0],[109.319981383000083,-0.00303011699998,0.0],[109.31989868900007,-0.00299479499995,0.0],[109.319815997000035,-0.00295947199993,0.0],[109.319733303000078,-0.002924148999966,0.0],[109.319650611000043,-0.002888825999946,0.0],[109.319567917000086,-0.002853503999972,0.0],[109.319485225000051,-0.002818180999952,0.0],[109.319402531000037,-0.002782857999932,0.0],[109.319319839000059,-0.002747534999969,0.0],[109.319237146000034,-0.002712211999949,0.0],[109.319154453000067,-0.002676888999929,0.0],[109.319071760000043,-0.002641565999966,0.0],[109.318989067000075,-0.002606243999935,0.0],[109.318906374000051,-0.002570920999972,0.0],[109.318823681000083,-0.002535597999952,0.0],[109.318740989000048,-0.002500275999978,0.0],[109.318658295000034,-0.002464952999958,0.0],[109.318575603000056,-0.002429629999938,0.0],[109.318492910000089,-0.002394307999964,0.0],[109.318410217000064,-0.002358984999944,0.0],[109.31832752400004,-0.002323661999981,0.0],[109.318244831000072,-0.002288338999961,0.0],[109.318162138000048,-0.002253015999941,0.0],[109.31807944500008,-0.002217692999977,0.0],[109.317996753000045,-0.002182370999947,0.0],[109.317914059000088,-0.002147047999927,0.0],[109.317831367000053,-0.002111724999963,0.0],[109.317748674000086,-0.002076402999933,0.0],[109.317665981000061,-0.002041079999969,0.0],[109.317583288000037,-0.002005756999949,0.0],[109.31750059500007,-0.001970434999976,0.0],[109.317417903000035,-0.001935111999956,0.0],[109.317335209000078,-0.001899788999935,0.0],[109.317252517000043,-0.001864466999962,0.0],[109.317169823000086,-0.001829143999942,0.0],[109.317087131000051,-0.001793820999978,0.0],[109.317004439000073,-0.001758497999958,0.0],[109.316921745000059,-0.001723174999938,0.0],[109.316839053000081,-0.001687852999964,0.0],[109.316756359000067,-0.001652529999944,0.0],[109.316673667000089,-0.001617206999924,0.0],[109.316590974000064,-0.00158188499995,0.0],[109.31650828100004,-0.00154656199993,0.0],[109.316425588000072,-0.001511239999957,0.0],[109.316342895000048,-0.001475916999937,0.0],[109.31626020300007,-0.001440593999973,0.0],[109.316177510000045,-0.001405271999943,0.0],[109.316094817000078,-0.001369948999979,0.0],[109.316012124000054,-0.001334626999949,0.0],[109.315929379000067,-0.001299458999938,0.0],[109.315842231000033,-0.001277535999975,0.0],[109.315755082000067,-0.001255613999945,0.0],[109.315667932000053,-0.001233691999971,0.0],[109.315580783000087,-0.001211769999941,0.0],[109.315493634000063,-0.001189847999967,0.0],[109.31540648500004,-0.001167925999937,0.0],[109.315319336000073,-0.001146003999963,0.0],[109.315232187000049,-0.001124081999933,0.0],[109.314156704000084,-0.000657068999942,0.0],[109.312749919000055,0.0,0.0],[109.312741299000038,0.000003261000074,0.0],[109.31265721300008,0.000035075000028,0.0],[109.312573126000075,0.000066888000049,0.0],[109.31248904000006,0.00009870100007,0.0],[109.312404953000055,0.000130515000023,0.0],[109.312320867000039,0.000162328000044,0.0],[109.312236781000081,0.000194141000065,0.0],[109.312152694000076,0.000225955000076,0.0],[109.312068608000061,0.00025776800004,0.0],[109.311984521000056,0.000289581000061,0.0],[109.311900435000041,0.000321395000071,0.0],[109.311816004000036,0.00035218000005,0.0],[109.311729961000083,0.000378154000032,0.0],[109.311643917000083,0.000404128000071,0.0],[109.311557873000083,0.000430101000063,0.0],[109.311471830000073,0.000456075000045,0.0],[109.311385787000063,0.000482049000027,0.0],[109.311299743000063,0.00050802200002,0.0],[109.311213700000053,0.000533996000058,0.0],[109.311127656000053,0.00055997000004,0.0],[109.311041613000043,0.000585943000033,0.0],[109.310955570000033,0.000611917000072,0.0],[109.310869526000033,0.000637890000064,0.0],[109.310783482000033,0.000663865000035,0.0],[109.310697440000069,0.000689838000028,0.0],[109.31061139600007,0.00071581100002,0.0],[109.31052535200007,0.000741786000049,0.0],[109.31043930900006,0.000767759000041,0.0],[109.31035326600005,0.000793732000034,0.0],[109.310266618000071,0.000817425000037,0.0],[109.310179151000057,0.000838023000028,0.0],[109.310091684000042,0.000858622000067,0.0],[109.310004217000085,0.000879220000058,0.0],[109.30991675000007,0.00089981900004,0.0],[109.309829284000045,0.000920417000032,0.0],[109.309741816000042,0.000941015000024,0.0],[109.309654350000073,0.000961614000062,0.0],[109.30956688200007,0.000982212000054,0.0],[109.309479416000045,0.001002811000035,0.0],[109.309391949000087,0.001023409000027,0.0],[109.309304482000073,0.001044007000075,0.0],[109.309217016000048,0.001064606000057,0.0],[109.309129548000044,0.001085204000049,0.0],[109.309042082000076,0.001105802000041,0.0],[109.308954615000061,0.001126400000032,0.0],[109.308867146000068,0.001146989000063,0.0],[109.308779455000035,0.001166598000054,0.0],[109.308691764000059,0.001186206000057,0.0],[109.308604073000083,0.001205814000059,0.0],[109.30851638200005,0.001225422000061,0.0],[109.308428691000074,0.001245031000053,0.0],[109.308341,0.001264638000066,0.0],[109.308253308000076,0.001284247000058,0.0],[109.308165617000043,0.00130385600005,0.0],[109.308077926000067,0.001323463000062,0.0],[109.307990234000044,0.001343072000054,0.0],[109.307902543000068,0.001362680000057,0.0],[109.307814852000035,0.001382288000059,0.0],[109.307727161000059,0.001401896000061,0.0],[109.307639470000083,0.001421505000053,0.0],[109.30755177900005,0.001441112000066,0.0],[109.307463663000078,0.001458350000064,0.0],[109.307374696000068,0.001470840000025,0.0],[109.307285729000057,0.001483332000021,0.0],[109.307196763000036,0.001495822000038,0.0],[109.307107795000036,0.001508314000034,0.0],[109.307018829000071,0.001520805000041,0.0],[109.306929861000071,0.001533296000048,0.0],[109.30684089500005,0.001545788000044,0.0],[109.30675192700005,0.001558278000061,0.0],[109.306662961000086,0.001570770000058,0.0],[109.306573994000075,0.001583261000064,0.0],[109.306485027000065,0.001595752000071,0.0],[109.306396060000054,0.001608243000021,0.0],[109.306307093000044,0.001620734000028,0.0],[109.306218126000033,0.001633225000035,0.0],[109.306129220000059,0.001646145000052,0.0],[109.306040362000033,0.001659392000022,0.0],[109.305951502000084,0.001672639000049,0.0],[109.305862643000069,0.00168588400004,0.0],[109.305773784000053,0.001699131000066,0.0],[109.305684925000037,0.001712377000047,0.0],[109.305596066000078,0.001725623000027,0.0],[109.305507207000062,0.001738869000064,0.0],[109.305418348000046,0.001752115000045,0.0],[109.305329488000041,0.001765361000025,0.0],[109.305240630000071,0.001778608000052,0.0],[109.305151770000066,0.001791854000032,0.0],[109.305062912000039,0.00180510000007,0.0],[109.30497405300008,0.001818347000039,0.0],[109.304885193000075,0.00183159200003,0.0],[109.304796335000049,0.001844839000057,0.0],[109.304707475000043,0.001858084000048,0.0],[109.304618617000074,0.001871331000075,0.0],[109.304529755000033,0.001884559000075,0.0],[109.304440373000034,0.00189355200007,0.0],[109.304350991000035,0.001902547000043,0.0],[109.304261607000058,0.001911540000037,0.0],[109.304172225000059,0.001920534000021,0.0],[109.30408284300006,0.001929528000062,0.0],[109.303993460000072,0.001938521000056,0.0],[109.303904077000084,0.00194751500004,0.0],[109.303814695000085,0.001956509000024,0.0],[109.303725313000086,0.001965503000065,0.0],[109.303635930000041,0.001974497000049,0.0],[109.303546548000043,0.001983491000033,0.0],[109.303457165000054,0.001992484000027,0.0],[109.303367783000056,0.002001479000057,0.0],[109.303278400000067,0.002010472000052,0.0],[109.303189018000069,0.002019466000036,0.0],[109.303099635000081,0.00202846000002,0.0],[109.303010253000082,0.002037453000071,0.0],[109.302920463000078,0.002038209000034,0.0],[109.302830635000078,0.002038209000034,0.0],[109.302740807000077,0.002038209000034,0.0],[109.302650979000077,0.002038209000034,0.0],[109.302561151000077,0.002038209000034,0.0],[109.302471324000066,0.002038209000034,0.0],[109.302381496000066,0.002038209000034,0.0],[109.302291668000066,0.002038209000034,0.0],[109.302201840000066,0.002038209000034,0.0],[109.302112013000055,0.002038208000045,0.0],[109.302022185000055,0.002038208000045,0.0],[109.301932357000055,0.002038208000045,0.0],[109.301842529000055,0.002038208000045,0.0],[109.301752702000044,0.002038208000045,0.0],[109.301662874000044,0.002038208000045,0.0],[109.301573046000044,0.002038208000045,0.0],[109.301483218000044,0.002038208000045,0.0],[109.301393391000033,0.002038208000045,0.0],[109.301303563000033,0.002038208000045,0.0],[109.301213735000033,0.002038208000045,0.0],[109.301123908000079,0.002038207000055,0.0],[109.301034080000079,0.002038207000055,0.0],[109.300944252000079,0.002038207000055,0.0],[109.300854424000079,0.002038207000055,0.0],[109.300764597000068,0.002038207000055,0.0],[109.300674769000068,0.002038207000055,0.0],[109.300584941000068,0.002038207000055,0.0],[109.300495114000057,0.002038207000055,0.0],[109.300405286000057,0.002038207000055,0.0],[109.300315458000057,0.002038207000055,0.0],[109.300225631000046,0.002038206000066,0.0],[109.300135803000046,0.002038206000066,0.0],[109.300045975000046,0.002038206000066,0.0],[109.299956148000035,0.002038206000066,0.0],[109.299866320000035,0.002038206000066,0.0],[109.299776492000035,0.002038206000066,0.0],[109.299686665000081,0.002038206000066,0.0],[109.299596837000081,0.002038206000066,0.0],[109.299507009000081,0.002038206000066,0.0],[109.29941718200007,0.002038206000066,0.0],[109.29932735400007,0.002038206000066,0.0],[109.299237527000059,0.002038205000019,0.0],[109.299147699000059,0.002038205000019,0.0],[109.299057871000059,0.002038205000019,0.0],[109.29896807700004,0.002038600000049,0.0],[109.298879506000048,0.002053671000056,0.0],[109.298790934000067,0.002068741000073,0.0],[109.298702362000085,0.00208381300007,0.0],[109.298613792000083,0.00209888400002,0.0],[109.298525220000045,0.002113954000038,0.0],[109.298436649000053,0.002129025000045,0.0],[109.298348077000071,0.002144095000062,0.0],[109.298259505000033,0.002159166000069,0.0],[109.298170934000041,0.00217423600003,0.0],[109.298082362000059,0.002189307000037,0.0],[109.297993792000057,0.002204377000055,0.0],[109.297905220000075,0.002219448000062,0.0],[109.297816648000037,0.002234518000023,0.0],[109.297728077000045,0.00224958900003,0.0],[109.297639505000063,0.002264660000037,0.0],[109.297550934000071,0.002279730000055,0.0],[109.297462363000079,0.002294801000062,0.0],[109.297373791000041,0.002309871000023,0.0],[109.297285336000073,0.002325577000022,0.0],[109.297197251000057,0.002343304000021,0.0],[109.297109166000041,0.002361031000021,0.0],[109.297021081000082,0.002378757000031,0.0],[109.296932996000066,0.00239648400003,0.0],[109.29684491200004,0.00241421000004,0.0],[109.296756827000081,0.00243193700004,0.0],[109.296668742000065,0.00244966300005,0.0],[109.29658065700005,0.002467390000049,0.0],[109.296492572000034,0.002485116000059,0.0],[109.296404487000075,0.002502843000059,0.0],[109.296316402000059,0.002520569000069,0.0],[109.296228730000053,0.002539740000032,0.0],[109.296144710000078,0.002571729000067,0.0],[109.296060689000058,0.002603718000046,0.0],[109.295976670000073,0.002635707000024,0.0],[109.295892650000042,0.00266769600006,0.0],[109.295808631000057,0.002699686000028,0.0],[109.295724611000082,0.002731674000074,0.0],[109.295640590000062,0.002763664000042,0.0],[109.295556571000077,0.002795653000021,0.0],[109.295472551000046,0.002827641000067,0.0],[109.295388532000061,0.002859631000035,0.0],[109.295304512000087,0.002891619000025,0.0],[109.295220492000055,0.00292360900005,0.0],[109.295136472000081,0.002955598000028,0.0],[109.29505295000007,0.002988866000067,0.0],[109.294969698000045,0.003022827000052,0.0],[109.294886445000088,0.003056788000038,0.0],[109.294803192000074,0.003090749000023,0.0],[109.29471994000005,0.003124710000066,0.0],[109.294636687000036,0.003158671000051,0.0],[109.294553434000079,0.003192632000037,0.0],[109.294470182000055,0.003226593000022,0.0],[109.294386929000041,0.003260554000065,0.0],[109.294303677000073,0.00329451500005,0.0],[109.294220424000059,0.003328476000036,0.0],[109.294137171000045,0.003362437000021,0.0],[109.294053918000088,0.003396398000064,0.0],[109.293970766000086,0.003430596000044,0.0],[109.293888906000063,0.003467830000034,0.0],[109.29380704600004,0.003505063000034,0.0],[109.293725186000074,0.003542297000024,0.0],[109.293643325000062,0.00357953200006,0.0],[109.293561466000085,0.003616765000061,0.0],[109.293479605000073,0.003653999000051,0.0],[109.29339774500005,0.00369123400003,0.0],[109.293315886000073,0.00372846700003,0.0],[109.293234025000061,0.00376570100002,0.0],[109.293152165000038,0.003802935000067,0.0],[109.293070305000072,0.003840169000057,0.0],[109.292988445000049,0.003877403000047,0.0],[109.292906584000036,0.003914637000037,0.0],[109.29282472500006,0.003951871000027,0.0],[109.292742864000047,0.003989105000073,0.0],[109.292661004000081,0.004026339000063,0.0],[109.292579144000058,0.004063573000053,0.0],[109.292497284000035,0.004100807000043,0.0],[109.292415424000069,0.004138041000033,0.0],[109.292333564000046,0.004175274000033,0.0],[109.29225170400008,0.00421250900007,0.0],[109.292169843000067,0.004249743000059,0.0],[109.292087984000034,0.00428697600006,0.0],[109.29200609600008,0.004324148000023,0.0],[109.291923786000041,0.004360364000036,0.0],[109.291841477000048,0.004396580000048,0.0],[109.291759167000066,0.004432795000071,0.0],[109.291676857000084,0.004469011000026,0.0],[109.291594548000035,0.004505226000049,0.0],[109.291512239000042,0.004541442000061,0.0],[109.29142992900006,0.004577657000027,0.0],[109.291347619000078,0.004613873000039,0.0],[109.291265310000085,0.004650089000052,0.0],[109.291183,0.004686304000074,0.0],[109.291100690000064,0.00472251900004,0.0],[109.291018381000072,0.004758735000053,0.0],[109.290936071000033,0.004794950000075,0.0],[109.290851241000041,0.004824561000021,0.0],[109.290766019000046,0.004853145000027,0.0],[109.29068079700005,0.004881729000033,0.0],[109.290595575000054,0.004910313000039,0.0],[109.290510353000059,0.004938897000045,0.0],[109.290425131000063,0.004967481000051,0.0],[109.290339909000068,0.004996065000057,0.0],[109.290254687000072,0.005024649000063,0.0],[109.290169465000076,0.005053233000069,0.0],[109.290084243000081,0.005081816000029,0.0],[109.289999021000085,0.005110401000024,0.0],[109.289913799000033,0.005138985000031,0.0],[109.289828577000037,0.005167568000047,0.0],[109.289743355000041,0.005196152000053,0.0],[109.289658133000046,0.005224737000049,0.0],[109.28957291100005,0.005253320000065,0.0],[109.289487690000044,0.005281904000071,0.0],[109.289402467000059,0.005310488000021,0.0],[109.289317245000063,0.005339072000027,0.0],[109.289232023000068,0.005367656000033,0.0],[109.289146802000062,0.005396240000039,0.0],[109.289061580000066,0.005424824000045,0.0],[109.28897635800007,0.005453408000051,0.0],[109.288891135000085,0.005481991000067,0.0],[109.288805914000079,0.005510575000073,0.0],[109.288719249000053,0.005534155000021,0.0],[109.288632070000062,0.005555954000044,0.0],[109.288544892000061,0.005577752000022,0.0],[109.28845771400006,0.005599551000046,0.0],[109.288370536000059,0.005621349000023,0.0],[109.288283357000068,0.005643148000047,0.0],[109.288196178000078,0.005664946000024,0.0],[109.288109,0.005686746000038,0.0],[109.288021822000076,0.005708544000072,0.0],[109.287934643000085,0.005730343000039,0.0],[109.287847465000084,0.005752141000073,0.0],[109.287760287000083,0.005773939000051,0.0],[109.287673109000082,0.005795738000074,0.0],[109.287237182000069,0.005904581000038,0.0],[109.290489222000076,0.008489442000041,0.0],[109.290602970000066,0.008802678000052,0.0],[109.29098792700006,0.009862762000068,0.0],[109.291193269000075,0.010428221000041,0.0],[109.291243976000032,0.010567876000039,0.0],[109.291582725000069,0.011500765000051,0.0],[109.291609272000073,0.01157385700003,0.0],[109.291667352000047,0.011733781000032,0.0],[109.292029439000089,0.01273094000004,0.0],[109.292306236000059,0.013535955000066,0.0],[109.292568639000081,0.014299096000059,0.0],[109.29275460000008,0.014839925000047,0.0],[109.293070453000041,0.015714123000066,0.0],[109.293474676000073,0.016832942000065,0.0],[109.293492563000086,0.016882447000057,0.0],[109.293651469000054,0.017322249000074,0.0],[109.294181833000039,0.018790221000074,0.0],[109.294283298000039,0.019157144000076,0.0],[109.294658844000082,0.020515141000033,0.0],[109.294840205000071,0.021170965000067,0.0],[109.295103453000081,0.02212290500006,0.0],[109.295347109000033,0.022953371000028,0.0],[109.295410642000036,0.023169940000059,0.0],[109.295454585000073,0.023319668000056,0.0],[109.295516535000047,0.023530832000063,0.0],[109.295672380000042,0.024062018000052,0.0],[109.295841980000034,0.024539908000065,0.0],[109.296077568000044,0.025203738000073,0.0],[109.296108325000034,0.025285635000046,0.0],[109.296277319000069,0.02573562200007,0.0],[109.296811800000057,0.027158816000053,0.0],[109.297154253000087,0.02817278200007,0.0],[109.297251488000086,0.028460687000063,0.0],[109.297358539000072,0.028777628000057,0.0],[109.297671861000083,0.02970533000007,0.0],[109.297908361000054,0.030232467000076,0.0],[109.298328832000038,0.030950684000061,0.0],[109.298780688000079,0.031480652000027,0.0],[109.29906810500006,0.031817754000031,0.0],[109.299082327000065,0.031834434000075,0.0],[109.299102943000037,0.031858598000042,0.0],[109.299240008000083,0.032019363000074,0.0],[109.299427852000065,0.032239678000053,0.0],[109.300943448000055,0.032841311000027,0.0],[109.301335496000036,0.032996939000043,0.0],[109.302339568000036,0.033395516000041,0.0],[109.303470033000053,0.033844267000063,0.0],[109.303565134000053,0.033953547000067,0.0],[109.30397236400006,0.034421495000061,0.0],[109.304240274000051,0.034729350000021,0.0],[109.304861930000072,0.035003055000061,0.0],[109.305898024000044,0.035459231000061,0.0],[109.306065864000061,0.035533128000054,0.0],[109.306285796000054,0.035629961000041,0.0],[109.306450608000034,0.035702525000033,0.0],[109.306591507000064,0.035843112000066,0.0],[109.306826340000043,0.036077424000041,0.0],[109.306951585000036,0.036202390000028,0.0],[109.307106995000083,0.036309919000075,0.0],[109.307265830000063,0.03641981800007,0.0],[109.307366012000045,0.036489134000021,0.0],[109.307504154000071,0.03658471500006,0.0],[109.30843178300006,0.037733284000069,0.0],[109.308741515000065,0.038116787000035,0.0],[109.309291416000065,0.03793875100007,0.0],[109.309759444000065,0.03778722200002,0.0],[109.309842115000038,0.037766890000057,0.0],[109.313339923000058,0.03690666500006,0.0],[109.31505304600006,0.036485352000057,0.0],[109.319502761000081,0.035391021000066,0.0],[109.321398235000061,0.034924862000025,0.0],[109.33361194400004,0.031921111000031,0.0],[109.348461885000063,0.027978720000021,0.0],[109.352181944000051,0.026991111000029,0.0],[109.357105820000072,0.025820215000067,0.0],[109.358061699000075,0.025467450000065,0.0],[109.361902814000075,0.024049896000065,0.0],[109.36554287000007,0.023105552000061,0.0],[109.368698036000069,0.022291776000031,0.0],[109.369626811000046,0.02201787000007,0.0],[109.370129975000054,0.021869482000056,0.0],[109.370269619000055,0.021828299000049,0.0],[109.370272533000048,0.021827440000038,0.0],[109.370277453000085,0.021826502000067,0.0],[109.370338927000034,0.021814777000031,0.0],[109.370358153000041,0.021809295000025,0.0],[109.370378248000065,0.021763512000064,0.0],[109.370403519000035,0.021705935000057,0.0],[109.370443456000089,0.021614946000057,0.0],[109.370453281000039,0.02159256300007,0.0],[109.370460739000066,0.021510527000032,0.0],[109.370471107000071,0.021396477000053,0.0],[109.370482452000033,0.021368743000039,0.0],[109.370524585000055,0.021265753000023,0.0],[109.370623844000079,0.021197323000024,0.0],[109.370730026000047,0.021148760000074,0.0],[109.370786032000069,0.021123146000036,0.0],[109.370952408000051,0.021105320000061,0.0],[109.371041538000043,0.020998363000047,0.0],[109.371040003000076,0.020967665000057,0.0],[109.37103559600007,0.020879524000065,0.0],[109.370999944000062,0.02052894600007,0.0],[109.370982437000066,0.020471173000033,0.0],[109.370940524000048,0.020332860000053,0.0],[109.370935691000057,0.020221712000023,0.0],[109.370934582000075,0.02019619500004,0.0],[109.370922698000072,0.01999416700005,0.0],[109.370892988000037,0.019893153000055,0.0],[109.370892988000037,0.019776684000021,0.0],[109.370892988000037,0.019673299000033,0.0],[109.370845452000083,0.019453446000057,0.0],[109.370798439000055,0.019359421000047,0.0],[109.370797916000072,0.019358374000035,0.0],[109.370797916000072,0.019356375000029,0.0],[109.370797916000072,0.019168230000048,0.0],[109.370715567000047,0.019063005000021,0.0],[109.370690961000037,0.019031564000045,0.0],[109.370572121000066,0.018871130000036,0.0],[109.370562436000057,0.018849609000029,0.0],[109.370518642000036,0.018752290000066,0.0],[109.370536469000058,0.018615625000052,0.0],[109.37057806200005,0.018455191000044,0.0],[109.370643424000036,0.018342293000046,0.0],[109.370720671000072,0.018211569000073,0.0],[109.370738496000058,0.017843166000034,0.0],[109.37075038100005,0.017450994000058,0.0],[109.370732554000085,0.017153895000035,0.0],[109.370648178000067,0.016865113000051,0.0],[109.370353455000043,0.016332711000075,0.0],[109.370225108000056,0.01609503100002,0.0],[109.370239369000046,0.015862105000053,0.0],[109.370353455000043,0.015667207000035,0.0],[109.370367716000032,0.015377238000042,0.0],[109.370393860000036,0.014956545000075,0.0],[109.370322557000065,0.014813938000032,0.0],[109.370245310000087,0.01464162000002,0.0],[109.370257195000079,0.014457418000063,0.0],[109.370411687000058,0.014356404000068,0.0],[109.370649366000066,0.014207854000063,0.0],[109.370619657000077,0.01404147900007,0.0],[109.37053760200007,0.013924258000031,0.0],[109.370494875000077,0.013863219000029,0.0],[109.370381977000079,0.013601771000026,0.0],[109.370254818000035,0.013384294000048,0.0],[109.370212036000055,0.013206034000063,0.0],[109.370147863000057,0.013063426000031,0.0],[109.369962472000054,0.012692646000062,0.0],[109.369862646000058,0.012571430000037,0.0],[109.369848575000049,0.012435408000044,0.0],[109.369847580000055,0.012425793000034,0.0],[109.36984125500004,0.012364648000073,0.0],[109.369863184000053,0.01231741600003,0.0],[109.369933951000064,0.01216499700007,0.0],[109.369983863000073,0.011922563000041,0.0],[109.369905429000084,0.011530392000054,0.0],[109.369749396000088,0.01104194100003,0.0],[109.369741430000033,0.011017004000053,0.0],[109.36974082100005,0.011007558000074,0.0],[109.369727169000043,0.010795962000032,0.0],[109.369613083000047,0.010660484000027,0.0],[109.369605953000075,0.010361008000075,0.0],[109.369662996000045,0.010139966000054,0.0],[109.369574091000061,0.010008726000024,0.0],[109.369363519000046,0.009697882000069,0.0],[109.36936882100008,0.009693408000032,0.0],[109.369591691000039,0.009505361000038,0.0],[109.36984125500004,0.009348492000072,0.0]]]]}}
]
}
