{
"type": "FeatureCollection",
"name": "sungai",
"crs": { "type": "name", "properties": { "name": "urn:ogc:def:crs:OGC:1.3:CRS84" } },
"features": [
{"type":"Feature","properties":{"NAMOBJ":"Sungai Tempayan","JNSSNG":0,"KLSSNG":0,"FCODE":null,"REMARK":"Sungai","SRS_ID":null,"LCODE":"DA0280","METADATA":null,"NAMWS":null,"NAMDAS":null,"Shape_Leng":0.06519139756,"Shape_Area":7.11532e-06},"geometry":{"type":"MultiPolygon","coordinates":[[[[109.376710821789104,-0.022073712473605,0.0],[109.376682344714453,-0.022061540607601,0.0],[109.37655825086263,-0.022008675759724,0.0],[109.376607664112484,-0.021882642070195,0.0],[109.37666723700346,-0.021760964696773,0.0],[109.376727058107264,-0.021639411429677,0.0],[109.376785720884385,-0.021517291589659,0.0],[109.376830840770793,-0.021389846863864,0.0],[109.376842111074595,-0.021254946758378,0.0],[109.376840724319962,-0.021119307410092,0.0],[109.376835914745712,-0.020983740007543,0.0],[109.376828987268013,-0.020848266134535,0.0],[109.376821227018056,-0.020712836328321,0.0],[109.37681398927424,-0.020577377743705,0.0],[109.376808503409762,-0.020441837320908,0.0],[109.376805355782622,-0.020306219556334,0.0],[109.376804846766333,-0.020170570315517,0.0],[109.376807052803287,-0.02003493636318,0.0],[109.376812145664076,-0.019899379752533,0.0],[109.376821426667604,-0.019764057864882,0.0],[109.376839593872234,-0.019629710842397,0.0],[109.376876536223193,-0.019499481815546,0.0],[109.376931920072167,-0.019375879892894,0.0],[109.376991644049212,-0.019254278961703,0.0],[109.377048457820152,-0.019131275987585,0.0],[109.377102258862251,-0.01900690784247,0.0],[109.377153753143276,-0.018881551342445,0.0],[109.377204903883268,-0.018756049152293,0.0],[109.377257693188028,-0.018631242138059,0.0],[109.377314919747775,-0.018508443309975,0.0],[109.377378653801898,-0.018388947691775,0.0],[109.377450077958798,-0.018273966670182,0.0],[109.37752989998495,-0.018164711632098,0.0],[109.377612446057597,-0.01805749715569,0.0],[109.377688027780337,-0.01794525996566,0.0],[109.377747965796047,-0.017823973797262,0.0],[109.377785260681364,-0.017693861682313,0.0],[109.377803570878186,-0.017559541639492,0.0],[109.37781218638338,-0.017424172987115,0.0],[109.37781919569936,-0.017288702711407,0.0],[109.377831699873141,-0.017153658714355,0.0],[109.377853211656429,-0.017019779339303,0.0],[109.377883881236187,-0.016887720192041,0.0],[109.377923892074037,-0.016758212421489,0.0],[109.377973350289963,-0.016632069914027,0.0],[109.378041642108116,-0.016515543857223,0.0],[109.378130826976133,-0.016414058961625,0.0],[109.378233603298256,-0.016326527047552,0.0],[109.378345228049923,-0.016250593689906,0.0],[109.378458200885362,-0.016176678410942,0.0],[109.37855725491346,-0.016085756052766,0.0],[109.378612866290823,-0.015963691970724,0.0],[109.3786156865647,-0.015828936656084,0.0],[109.378557153290032,-0.015708750358459,0.0],[109.378447703998447,-0.015631013860154,0.0],[109.378319324876983,-0.015591607366708,0.0],[109.378185380750793,-0.015577648089951,0.0],[109.378050727958765,-0.01557282232785,0.0],[109.377916049086437,-0.015568690842385,0.0],[109.377782060893452,-0.015554956396005,0.0],[109.377651454151319,-0.01552248457495,0.0],[109.377532022384983,-0.015461077966352,0.0],[109.377451930562202,-0.015355104554351,0.0],[109.377457887671412,-0.015222515706539,0.0],[109.377533417233479,-0.015110784834785,0.0],[109.377627426964239,-0.015013674241618,0.0],[109.377726302027312,-0.014921525208236,0.0],[109.377829697982222,-0.014834623718854,0.0],[109.37794608824143,-0.014766877789188,0.0],[109.378070914141446,-0.014715833169101,0.0],[109.378196390251304,-0.014666391140941,0.0],[109.378319377037656,-0.014611056754801,0.0],[109.3784377907715,-0.014546417982688,0.0],[109.378546949582116,-0.014467227280604,0.0],[109.378637314360617,-0.014366843155236,0.0],[109.378714798149517,-0.014255927968601,0.0],[109.37878076701881,-0.014137771440928,0.0],[109.378827213405287,-0.014010631585306,0.0],[109.378850064279092,-0.013877265723219,0.0],[109.378847984147214,-0.013741695622651,0.0],[109.378801619599102,-0.013615577396922,0.0],[109.378700599653001,-0.013531738998476,0.0],[109.378567358796701,-0.013523592040079,0.0],[109.378437264668065,-0.013557752787998,0.0],[109.378318207019703,-0.013620770082403,0.0],[109.378209311710407,-0.013700575021416,0.0],[109.378104364424971,-0.013785653584988,0.0],[109.378000121308602,-0.013871610786167,0.0],[109.377894315170622,-0.013955558901915,0.0],[109.377771156613662,-0.014007686305642,0.0],[109.377637240366425,-0.014010162139224,0.0],[109.377514074614865,-0.013958911574455,0.0],[109.377450187676104,-0.013880743401542,0.0],[109.377429690328015,-0.013855663108322,0.0],[109.377412325318588,-0.01372260211632,0.0],[109.377449531171038,-0.013592999017667,0.0],[109.377527755101923,-0.013483479578904,0.0],[109.37763292631854,-0.013398940608591,0.0],[109.377739504074853,-0.013315960163409,0.0],[109.377841023144711,-0.013226796879098,0.0],[109.377936850405419,-0.013131455252416,0.0],[109.37802623762083,-0.01302999733648,0.0],[109.378110408768393,-0.012924068890643,0.0],[109.378193183268891,-0.012817030681414,0.0],[109.378269962888524,-0.012705635256796,0.0],[109.378305966347327,-0.012576634703889,0.0],[109.378282899636204,-0.012444268887893,0.0],[109.378190248781038,-0.01235328357714,0.0],[109.378057167104686,-0.012348595411285,0.0],[109.377927271726236,-0.012384112336863,0.0],[109.377801441283552,-0.012432598385639,0.0],[109.377676367170707,-0.012483056647652,0.0],[109.377548006935015,-0.012523809426226,0.0],[109.377414326310145,-0.012536812723687,0.0],[109.377290967204459,-0.012490428390513,0.0],[109.377214746063672,-0.012379899912409,0.0],[109.377184673633892,-0.012248286828956,0.0],[109.377179535807016,-0.012112805761346,0.0],[109.377187637799338,-0.011977504558127,0.0],[109.377214094954553,-0.011844581162459,0.0],[109.377254085107964,-0.01171509497562,0.0],[109.377310533754255,-0.011592072216351,0.0],[109.377375430631645,-0.011473189036429,0.0],[109.377440851813887,-0.011354596337567,0.0],[109.37750958609864,-0.01123793718101,0.0],[109.377590123985129,-0.011129361131082,0.0],[109.377684390022594,-0.011032491556231,0.0],[109.377752171925266,-0.010917026699356,0.0],[109.377770137681793,-0.010783117646709,0.0],[109.377768058449192,-0.010647489989693,0.0],[109.377763357692871,-0.010511918090475,0.0],[109.377758307999585,-0.010376357882527,0.0],[109.377753655806643,-0.010240785084117,0.0],[109.377749274309608,-0.010105200594437,0.0],[109.377744469231942,-0.009969633191978,0.0],[109.377740033775581,-0.009834053198967,0.0],[109.37773660196271,-0.009698439930974,0.0],[109.377732742971801,-0.009562841951552,0.0],[109.377727276892386,-0.009427300629386,0.0],[109.377718284571273,-0.009291956258742,0.0],[109.37770395027708,-0.009157077736879,0.0],[109.377685888293172,-0.009022649775406,0.0],[109.377665426018638,-0.00888856985162,0.0],[109.377641751365815,-0.008755037614796,0.0],[109.377609076297915,-0.008623477591388,0.0],[109.377566634592569,-0.008494744137091,0.0],[109.377520508364839,-0.008367286820745,0.0],[109.377475892098786,-0.008239290810599,0.0],[109.377437891245748,-0.008109176896911,0.0],[109.377408835049806,-0.007976729242645,0.0],[109.377376779614693,-0.007845036119483,0.0],[109.37732644815712,-0.007719381044516,0.0],[109.377259166277582,-0.007601950269722,0.0],[109.377239424360056,-0.007566505289971,0.0],[109.377193315219372,-0.007483720896942,0.0],[109.37713867690853,-0.007359733165127,0.0],[109.377087483900297,-0.007234251659319,0.0],[109.377037604801657,-0.00710823595629,0.0],[109.376991732182802,-0.006980696801675,0.0],[109.376951837357495,-0.006851146762979,0.0],[109.376920301730578,-0.006719273775427,0.0],[109.376889168100689,-0.006587300063823,0.0],[109.376851541365625,-0.00645705934579,0.0],[109.376836143173577,-0.006421331079578,0.371799999993527],[109.376798109944914,-0.006333069815325,0.457299999994575],[109.376713867750894,-0.00622750469548,0.458100000003469],[109.376616670822784,-0.006133618171858,0.459900000001653],[109.37651358693256,-0.006046265222895,0.460699999995995],[109.376419571805855,-0.005949436117539,0.461999999999534],[109.376348111676052,-0.005834841804478,0.463000000003376],[109.376303444148675,-0.005707216314923,0.464000000007218],[109.376282087048764,-0.005573322550758,0.464999999996508],[109.376259838720614,-0.00543957357744,0.466000000000349],[109.376223358621232,-0.005309100834252,0.467499999998836],[109.37616990741536,-0.005184726393994,0.468299999993178],[109.376098272817117,-0.005070000779919,0.470000000001164],[109.376019708942508,-0.004959796057682,0.470900000000256],[109.375948568072062,-0.004844652258831,0.471999999994296],[109.375885083130143,-0.004725003755904,0.472999999998137],[109.375820114306933,-0.004606170038637,0.474000000001979],[109.375750435734062,-0.004490074757071,0.475099999996019],[109.375674616590388,-0.004377962572824,0.475999999995111],[109.375598611286918,-0.004266014964574,0.477700000003097],[109.375554025597907,-0.004140037033021,0.478499999997439],[109.375580644631114,-0.004008415855686,0.479999999995925],[109.375644295048218,-0.00388905423643,0.480999999999767],[109.375722531569664,-0.003778655260691,0.482000000003609],[109.375794195845515,-0.003664596943589,0.482999999992899],[109.375785396878626,-0.003532580963752,0.48399999999674],[109.375713122862422,-0.003419377002614,0.485300000000279],[109.375614899807843,-0.003326590349853,0.486999999993714],[109.375533979709488,-0.003219353390451,0.487899999992806],[109.375517820690931,-0.003085557652318,0.489000000001397],[109.375538739820996,-0.002952114448454,0.490000000005239],[109.375603439747039,-0.00283504699983,0.490999999994528],[109.375725039778857,-0.002783655241425,0.49210000000312],[109.37585828693048,-0.002763598561198,0.493000000002212],[109.375924603837476,-0.002671240885024,0.494800000000396],[109.375842482244835,-0.00256615600325,0.495599999994738],[109.375738994559029,-0.002479348942777,0.497000000003027],[109.375627752019227,-0.002402981212593,0.498000000006869],[109.375508025275252,-0.002340910004952,0.498999999996158],[109.375380428564,-0.002297890934868,0.5],[109.375247643663869,-0.002275379105401,0.501000000003842],[109.375113352399353,-0.00226464120017,0.502399999997579],[109.3749788066267,-0.00225747540217,0.503200000006473],[109.374846826619859,-0.002231756590201,0.505000000004657],[109.37472403678494,-0.002176445586424,0.505799999998999],[109.374612245658724,-0.002100916024441,0.506999999997788],[109.374506408943688,-0.002016969707344,0.50800000000163],[109.374402495878513,-0.00193061230789,0.509000000005472],[109.37430054333548,-0.001841924764981,0.509999999994761],[109.374201830150383,-0.001749603061721,0.510999999998603],[109.374108052444782,-0.001652214577954,0.512600000001839],[109.374015671386161,-0.001553463621387,0.513399999996182],[109.373919609402463,-0.00145835671779,0.514999999999418],[109.373819084982912,-0.001368041401942,0.51600000000326],[109.373715240266179,-0.001281604862149,0.517000000007101],[109.373609258760297,-0.001197838409442,0.517999999996391],[109.373500385934079,-0.001117928249797,0.519000000000233],[109.373475864119897,-0.001100020049807,0.5193],[109.373391344035369,-0.001038295081204,0.520199999999022],[109.373295521271331,-0.000943262821276,0.520999999993364],[109.373218686792995,-0.000831966322148,0.5228000000061],[109.373153260214877,-0.000713417689993,0.523600000000442],[109.373097002224966,-0.000590209670384,0.524999999994179],[109.373051071150115,-0.000462718179864,0.525999999998021],[109.37301220784714,-0.000332833593311,0.527000000001863],[109.372980030104358,-0.000201169248462,0.528000000005704],[109.372955201621352,-0.000067883425994,0.528999999994994],[109.372943451978855,0.000000000100006,0.529800000003888],[109.372932396612896,0.000136530676362,0.530899999997928],[109.37290804566986,0.000314115304165,0.532399999996414],[109.37279027405198,0.00044256906939,0.533800000004703],[109.372648442871395,0.00054743361719,0.53530000000319],[109.372645592919838,0.000552970743059,0.53530000000319],[109.372565787980818,0.000707991380719,0.536699999996927],[109.372507154881376,0.000878609860064,0.538199999995413],[109.37245650506371,0.001052143042022,0.5396999999939],[109.372421620361564,0.001229313082349,0.541100000002189],[109.372391305114718,0.001407243949189,0.542600000000675],[109.372541398012828,0.00131233832956,0.541100000002189],[109.372614978000087,0.001165179000037,0.0],[109.372653007000025,0.00076112300009,0.0],[109.372801698000075,0.000546347000083,0.0],[109.372824136000062,0.000513937000066,0.0],[109.372963897,0.000412610000031,0.0],[109.373014280000078,0.000376082000028,0.0],[109.373076077000036,-0.000142059999944,0.0],[109.373152134000023,-0.000413013999981,0.0],[109.37339456700002,-0.000802808999903,0.0],[109.373532422000054,-0.000978691999889,0.0],[109.373779608000078,-0.001102284999901,0.0],[109.373964998000048,-0.001335211999989,0.0],[109.374212186000079,-0.001549122999925,0.0],[109.374511662000074,-0.001877121999974,0.0],[109.374725574000095,-0.002010221999973,0.0],[109.37502505,-0.002148076000011,0.0],[109.375343541000063,-0.002171843999934,0.0],[109.375837915000034,-0.002352480999959,0.0],[109.376042320000067,-0.002661463999945,0.0],[109.376023305000089,-0.002770796999932,0.0],[109.375960605857856,-0.002824718314989,0.428199999994831],[109.375912845201711,-0.002796257441242,0.428199999994831],[109.375779463151773,-0.00280461214315,0.428199999994831],[109.375661132155571,-0.00286766720903,0.428199999994831],[109.375577497903251,-0.002973097430472,0.428199999994831],[109.375556139903978,-0.003105868840783,0.428199999994831],[109.375592147859351,-0.003233308170627,0.428199999994831],[109.37568335440335,-0.003331953007193,0.428199999994831],[109.375784491261257,-0.003421367202263,0.428199999994831],[109.375782948024707,-0.003461397825258,0.484899999995832],[109.375895517064478,-0.003533696123184,0.428199999994831],[109.375931539520437,-0.003495050837723,0.428199999994831],[109.375940117000042,-0.003513545999925,0.0],[109.375877151000083,-0.003699705999962,0.0],[109.375875439000112,-0.003704769999937,0.0],[109.375803452000113,-0.003917600999961,0.0],[109.375708380000063,-0.004066151,0.0],[109.375708380000063,-0.004173107999963,0.0],[109.376047073,-0.004713828999938,0.0],[109.376272869000047,-0.005141651999987,0.0],[109.376385766000055,-0.005373389999888,0.0],[109.37641504200009,-0.005718851999961,0.0],[109.376415476000034,-0.00572396799994,0.0],[109.376443114000011,-0.005802627999965,0.0],[109.376446530000024,-0.00581234999997,0.0],[109.376492723000027,-0.005943821999923,0.0],[109.376567589,-0.005997297,0.0],[109.376700693000089,-0.006092371999958,0.0],[109.376908662000076,-0.006270630999963,0.0],[109.377045328000094,-0.00667468599991,0.0],[109.377232698000057,-0.007252247999914,0.0],[109.37728974100007,-0.007504188999976,0.0],[109.377422843000076,-0.007708593999925,0.0],[109.377451364000123,-0.007955779999949,0.0],[109.377574958000039,-0.008321806999947,0.0],[109.377722319000071,-0.008763890999932,0.0],[109.377807884000049,-0.008963542999932,0.0],[109.377822145000067,-0.009562494999929,0.0],[109.377860173000016,-0.010147186999989,0.0],[109.377864750000043,-0.010517853999928,0.0],[109.377864927000061,-0.010532227999962,0.0],[109.377906771000056,-0.010745254,0.0],[109.377917216000029,-0.010798429999961,0.0],[109.37799186400008,-0.011056913999943,0.0],[109.377717565000026,-0.011278541999984,0.0],[109.377580662000071,-0.011501010999917,0.0],[109.377443548000102,-0.011851765999984,0.0],[109.377376257000037,-0.012023906999928,0.0],[109.377447562000071,-0.012313874999939,0.0],[109.377546024000054,-0.012288930999918,0.0],[109.377804081000079,-0.012223556999927,0.0],[109.377903874000083,-0.012214566999982,0.0],[109.378192401000064,-0.012188573999963,0.0],[109.378331730000042,-0.012176022,0.0],[109.37844700400008,-0.012326947999955,0.0],[109.378447494000028,-0.012376482999968,0.0],[109.378448943000066,-0.012522793999905,0.0],[109.378450569000023,-0.012687033,0.0],[109.378198776000062,-0.013035113999929,0.0],[109.37806552800005,-0.01318616,0.0],[109.377600865000062,-0.013581896999962,0.0],[109.377705705000025,-0.013839966,0.0],[109.377724458000074,-0.013886127,0.0],[109.377828253000047,-0.013823050999931,0.0],[109.378224595000063,-0.013582197999898,0.0],[109.378342426000046,-0.013510593000013,0.0],[109.37851658600006,-0.01346236399993,0.0],[109.378651409000028,-0.01342502799995,0.0],[109.37887486742504,-0.013451317660087,0.0],[109.378944746242084,-0.013527591869969,0.0],[109.378964954744418,-0.013556985791665,0.0],[109.378996995178014,-0.013623321777436,0.0],[109.378960393000099,-0.01407627000001,0.0],[109.378746481000078,-0.014418529999907,0.0],[109.378575351000038,-0.014622933999944,0.0],[109.378349655000108,-0.014722659999935,0.0],[109.377962138000015,-0.014893888999981,0.0],[109.37795086900006,-0.014902084999948,0.0],[109.377805269000092,-0.015007974999917,0.0],[109.377686703000052,-0.015101933999964,0.0],[109.377553329000122,-0.015207626999916,0.0],[109.377634140000055,-0.015393015999978,0.0],[109.377739142000038,-0.015421981999977,0.0],[109.377909848000044,-0.015469073999965,0.0],[109.378370947000093,-0.015526116999978,0.0],[109.378618134000121,-0.015682985999901,0.0],[109.378822539000069,-0.015944433999951,0.0],[109.378779756000071,-0.016134577999962,0.0],[109.378646091000036,-0.016224997999894,0.0],[109.378133267000052,-0.01657190799991,0.0],[109.378108235000113,-0.016659519999964,0.0],[109.3780286880001,-0.016937934999908,0.0],[109.377957385000073,-0.017465583999956,0.0],[109.37793361600005,-0.017855377999967,0.0],[109.377719705000032,-0.01827369499994,0.0],[109.377410721000047,-0.018696764999951,0.0],[109.377139766000099,-0.019357514,0.0],[109.377026907000086,-0.019623279999961,0.0],[109.376992405000067,-0.019704525999933,0.0],[109.377000182000089,-0.019792661999943,0.0],[109.377035187000061,-0.020189393,0.0],[109.376976955000131,-0.020589883999913,0.0],[109.377006665000096,-0.02102364900001,0.0],[109.376979621000075,-0.021136404999924,0.0],[109.376782058000074,-0.021960106999954,0.0],[109.376710821789104,-0.022073712473605,0.0]]]]}},
{"type":"Feature","properties":{"NAMOBJ":null,"JNSSNG":0,"KLSSNG":0,"FCODE":null,"REMARK":"Sungai","SRS_ID":null,"LCODE":"DA0280","METADATA":null,"NAMWS":null,"NAMDAS":null,"Shape_Leng":0.00471861237,"Shape_Area":5.2567e-07},"geometry":{"type":"MultiPolygon","coordinates":[[[[109.287125903837506,0.001699520016893,0.0],[109.287027691574835,0.001617450584932,0.0],[109.287003946774846,0.001438457618705,0.0],[109.286989190698662,0.00125821729293,0.0],[109.286970346304528,0.001078370870198,0.0],[109.286950089974752,0.000898725895568,0.0],[109.286947970548169,0.000868928971529,0.0],[109.28692992,0.001482659000016,0.0],[109.286933388979591,0.001798331518541,0.0],[109.286966043048466,0.001781992345149,0.0],[109.287125903837506,0.001699520016893,0.0]]]]}},
{"type":"Feature","properties":{"NAMOBJ":"Sungai Kapuas","JNSSNG":0,"KLSSNG":0,"FCODE":null,"REMARK":"Sungai","SRS_ID":null,"LCODE":"DA0280","METADATA":null,"NAMWS":null,"NAMDAS":null,"Shape_Leng":0.81936924656,"Shape_Area":0.00125317356},"geometry":{"type":"MultiPolygon","coordinates":[[[[109.287125903837506,0.001699520016893,0.0],[109.286966043048466,0.001781992345149,0.0],[109.286933388979591,0.001798331518541,0.0],[109.286944181000109,0.00278039100001,0.0],[109.287050645000036,0.003915598000057,0.0],[109.287053984000053,0.003951201000072,0.0],[109.287181130000093,0.005306931000068,0.0],[109.287227032000061,0.005796356000063,0.0],[109.287237182000112,0.005904581000047,0.0],[109.290348650158606,0.008377709465799,0.0],[109.290437918075483,0.008375888136755,0.0],[109.29061678333791,0.008361595211512,0.0],[109.290795213328423,0.008340864938991,0.0],[109.290974581311914,0.008330642345286,0.0],[109.291154184018495,0.008327670985328,0.0],[109.291333825395824,0.008325395700568,0.0],[109.291513467672516,0.008323528707963,0.0],[109.291693115345083,0.008323383917028,0.0],[109.291872755823036,0.008325518008332,0.0],[109.292052372019441,0.008328978599523,0.0],[109.292232020591285,0.008327567563257,0.0],[109.292411256374479,0.008317763154328,0.0],[109.292590161207031,0.008301260594743,0.0],[109.2927692297162,0.008286661000587,0.0],[109.29294839894952,0.00827352010688,0.0],[109.293127743550642,0.008262901811482,0.0],[109.29330700991062,0.008251064035478,0.0],[109.293486157560224,0.008237725290791,0.0],[109.293663834818204,0.008210956070795,0.0],[109.293841674853425,0.008185398237612,0.0],[109.294019978938977,0.008163256928826,0.0],[109.294182827275748,0.008143235322142,0.0],[109.294198307306061,0.008141330558062,0.0],[109.294376918959713,0.008121876423492,0.0],[109.294554196019405,0.008093222224479,0.0],[109.294731288718054,0.008063035580716,0.0],[109.294909263651689,0.008038359982352,0.0],[109.295086359048341,0.008008308236904,0.0],[109.295262805134442,0.007974269796749,0.0],[109.295438320422164,0.007935732048467,0.0],[109.295613164815791,0.007894297583808,0.0],[109.295786606266958,0.007847136236447,0.0],[109.295958984719448,0.007796421667636,0.0],[109.296129545642074,0.007739605198684,0.0],[109.296291785137868,0.007662353434943,0.0],[109.296452598308818,0.007581763387685,0.0],[109.296607779925182,0.007490630588156,0.0],[109.296760227602505,0.007395029956745,0.0],[109.296910882930987,0.007296498434692,0.0],[109.297068665386618,0.007210124847387,0.0],[109.297227184387125,0.00712501300901,0.0],[109.297382636699396,0.007034357749444,0.0],[109.297538402874991,0.006944259170269,0.0],[109.29769608460667,0.006857585209461,0.0],[109.297853270811871,0.006770018221844,0.0],[109.298008991122117,0.006679818918529,0.0],[109.298169747635825,0.006599876383271,0.0],[109.298331595027136,0.006522123697114,0.0],[109.298487579738051,0.00643239204132,0.0],[109.298641915092418,0.006339812232612,0.0],[109.298796207279267,0.006247156880776,0.0],[109.29895092304676,0.006155227281998,0.0],[109.298984352645846,0.006131689326059,0.0],[109.299097989180865,0.006051683838135,0.0],[109.299242317778834,0.005943979231302,0.0],[109.299387025890638,0.005836790835276,0.0],[109.299531067604747,0.005728730996155,0.0],[109.299671692794462,0.005616170949538,0.0],[109.299814444880795,0.005506405995878,0.0],[109.299959288790191,0.005399416350025,0.0],[109.300106771310524,0.005296134608998,0.0],[109.300256566887086,0.005196327848276,0.0],[109.300407726735287,0.005098581434468,0.0],[109.300558951334608,0.005000936643993,0.0],[109.300723532664961,0.004928858679951,0.0],[109.300897007391001,0.004885008636266,0.0],[109.301075594762921,0.004872333591341,0.0],[109.301255248730797,0.004871803890702,0.0],[109.301434890108126,0.004869900025903,0.0],[109.301614526988871,0.004868764182129,0.0],[109.301794164768907,0.004871276887994,0.0],[109.301973696429016,0.004877712436533,0.0],[109.302152864762974,0.004889286711227,0.0],[109.302331183237627,0.00491131380613,0.0],[109.302510160015913,0.004925440356815,0.0],[109.302689275289893,0.004938421171194,0.0],[109.302867943600802,0.004957358195587,0.0],[109.303045003923827,0.004986966575335,0.0],[109.303221214387563,0.005022222697446,0.0],[109.303400589565641,0.005029907404361,0.0],[109.303580151802635,0.005035028144104,0.0],[109.303706438201658,0.005033109890193,0.0],[109.30375978688474,0.005032299601024,0.0],[109.303939410275646,0.005029230214857,0.0],[109.304118807936646,0.00501954181846,0.0],[109.304298205597817,0.005009853422064,0.0],[109.304460546716939,0.004992528882128,0.0],[109.304476834338502,0.004990747325182,0.0],[109.304655390234174,0.004970771583854,0.0],[109.304831270646716,0.004935616185795,0.0],[109.304883106670104,0.004922813437156,0.0],[109.305005755311385,0.004892526968623,0.0],[109.305179990863948,0.004848436805991,0.0],[109.305353902660556,0.004803107377513,0.0],[109.305527204716824,0.004755430718626,0.0],[109.305701978063908,0.004714087085486,0.0],[109.30587831713072,0.00467949466296,0.0],[109.306055518647298,0.004650450158203,0.0],[109.306233918960217,0.004629092158923,0.0],[109.306410913632817,0.004599356075461,0.0],[109.306585061951168,0.004555478152832,0.0],[109.306756511403933,0.004501491850381,0.0],[109.30692642121744,0.004442730147944,0.0],[109.307097409318004,0.004387259064839,0.0],[109.307269484699063,0.004335334008496,0.0],[109.307442401845449,0.004286372218318,0.0],[109.307618140165161,0.004248804838533,0.0],[109.307795178904385,0.004218977024182,0.0],[109.307973410144825,0.004196251156061,0.0],[109.308152824893028,0.004187426108879,0.0],[109.308331227903892,0.004168463903473,0.0],[109.308508773860851,0.00414082683777,0.0],[109.308683443785952,0.004100446378616,0.0],[109.308855183719771,0.004047391773818,0.0],[109.309025181666868,0.00398888637809,0.0],[109.309192186670117,0.003922331150716,0.0],[109.309359168291095,0.003855655414229,0.0],[109.309527827147576,0.003793345886291,0.0],[109.309551767999807,0.003784735777043,0.0],[109.309697012107492,0.003732503152507,0.0],[109.309866286999551,0.003671912229028,0.0],[109.310035345155114,0.003610713363764,0.0],[109.310204296291303,0.003549211426976,0.0],[109.310371599869498,0.00348337026139,0.0],[109.310538422310415,0.003416246662444,0.0],[109.310706232206982,0.003351658252446,0.0],[109.310874535831175,0.003288433214707,0.0],[109.31104422081421,0.003229011409809,0.0],[109.311213393183564,0.00316814889105,0.0],[109.311382039449583,0.003105805188761,0.0],[109.311551045444475,0.00304446423067,0.0],[109.311720366201982,0.002984006406767,0.0],[109.311891225699554,0.002928225956908,0.0],[109.312062878399161,0.002874846696874,0.0],[109.312233860204586,0.002819321654443,0.0],[109.312404899566459,0.002763983670915,0.0],[109.312575959612943,0.002708704143381,0.0],[109.312750289594234,0.002665006085232,0.0],[109.312925641205425,0.002626373908041,0.0],[109.313103194356984,0.002598780009763,0.0],[109.313276883121688,0.002553757250199,0.0],[109.313449598819972,0.002504225289799,0.0],[109.313626135737678,0.002470668886276,0.0],[109.313800132070568,0.002426599408076,0.0],[109.313972237129136,0.002374713921946,0.0],[109.314144012136509,0.002321742054787,0.0],[109.314315451696828,0.002267694598499,0.0],[109.31448067514313,0.002196665243923,0.0],[109.31464589769007,0.002125634990155,0.0],[109.314815232836764,0.002065312064567,0.0],[109.31498493220893,0.002005931628532,0.0],[109.315153093740292,0.00194230099648,0.0],[109.315321008857566,0.001877985980323,0.0],[109.315489252227295,0.001814551400423,0.0],[109.315657570240688,0.001751312872853,0.0],[109.315827390122038,0.001692469332057,0.0],[109.315999609394481,0.001641224163238,0.0],[109.316173538278221,0.001596031431725,0.0],[109.316346050729663,0.001545530901567,0.0],[109.316516040582883,0.001487226954031,0.0],[109.316685066362737,0.001425929163365,0.0],[109.316851529974173,0.001358079811628,0.0],[109.31701634782624,0.001286149336363,0.0],[109.317178090896206,0.001207419087199,0.0],[109.317339833966258,0.001128687938665,0.0],[109.317501600418581,0.001050005353506,0.0],[109.317663365971612,0.000971321869067,0.0],[109.31782637168979,0.000895277894839,0.0],[109.317989438561796,0.000819367919555,0.0],[109.31815250723244,0.000743456145622,0.0],[109.318318210017452,0.000673603104404,0.0],[109.318484184397647,0.000604370595256,0.0],[109.318650158777842,0.000535138086197,0.0],[109.318815563887185,0.000464572781842,0.0],[109.31897961102031,0.000390832870687,0.0],[109.319143659052614,0.000317092959532,0.0],[109.319308547051875,0.000245404401953,0.0],[109.319348789914784,0.000230016102429,0.0],[109.319476497242604,0.000181184713896,0.0],[109.319643495950629,0.000114497286316,0.0],[109.319799707290755,0.000052423380656,0.0],[109.319810601678014,0.000048094044389,0.0],[109.319940685014643,0.000000000100006,0.0],[109.319887365109892,0.000000000100006,0.0],[109.319977380951428,-0.000087346553726,0.0],[109.320075630086293,-0.000180152991638,0.0],[109.320175696751036,-0.000270995310106,0.0],[109.320277614220601,-0.000359579431033,0.0],[109.32038528914984,-0.000441129954168,0.0],[109.320492963179802,-0.000522679577933,0.0],[109.320599573311725,-0.000605627647501,0.0],[109.320705642951111,-0.000689284382907,0.0],[109.320811712590498,-0.000772940218943,0.0],[109.320924707009652,-0.000846124349077,0.0],[109.321042294266562,-0.000912360317076,0.0],[109.321159880624094,-0.000978597184445,0.0],[109.321277248446307,-0.001045228854226,0.0],[109.321394377048946,-0.001112286802576,0.0],[109.321511504752223,-0.001179344750926,0.0],[109.321628463382908,-0.001246698576199,0.0],[109.321734641840322,-0.001308469410246,0.0],[109.321745128834706,-0.001314568612456,0.0],[109.321861794286491,-0.001382438648625,0.0],[109.321978340128354,-0.001450516428128,0.0],[109.32209453883199,-0.001519189558865,0.0],[109.322210740233558,-0.001587863588972,0.0],[109.322326866092084,-0.001656665322794,0.0],[109.322442598047573,-0.001726137051519,0.0],[109.322558326405755,-0.001795610578894,0.0],[109.322674026884911,-0.001865135367665,0.0],[109.322789284897652,-0.001935401197797,0.0],[109.322904542011102,-0.002005667927121,0.0],[109.323019799124467,-0.002075933757253,0.0],[109.323134585892461,-0.002146973903641,0.0],[109.323249366365232,-0.00221803023788,0.0],[109.323364145039264,-0.002289084773379,0.0],[109.323478482146342,-0.002360858766528,0.0],[109.323592775186526,-0.002432702007485,0.0],[109.323707070025279,-0.00250454704718,0.0],[109.323820934088872,-0.002577077370172,0.0],[109.323934726206645,-0.002649722806416,0.0],[109.324048519223794,-0.002722370041311,0.0],[109.324161875170461,-0.002795701660221,0.0],[109.324275141184899,-0.002869177170697,0.0],[109.324388407199336,-0.002942650882612,0.0],[109.324501203767596,-0.003016853944618,0.0],[109.324613910403713,-0.003091196401519,0.0],[109.324726617039829,-0.00316553616049,0.0],[109.324838778686726,-0.003240708691712,0.0],[109.324950881877811,-0.003315969356435,0.0],[109.325062964384372,-0.00339126059812,0.0],[109.325174408372376,-0.00346750871856,0.0],[109.325285852360281,-0.003543755040172,0.0],[109.325397120980455,-0.00362025676939,0.0],[109.325507832920252,-0.003697577780939,0.0],[109.325618545759326,-0.003774897893119,0.0],[109.325728815232708,-0.003852852926836,0.0],[109.325838703393501,-0.003931354748146,0.0],[109.325948589755725,-0.004009858368284,0.0],[109.326057601976842,-0.004089587764169,0.0],[109.326166555742049,-0.004169398998502,0.0],[109.326275058946877,-0.004249823570393,0.0],[109.32638300816933,-0.004331008069516,0.0],[109.326490918721021,-0.004412243829946,0.0],[109.326597840018351,-0.00449479260052,0.0],[109.326704761315767,-0.004577344968395,0.0],[109.326811018014141,-0.004660757088273,0.0],[109.326916939265374,-0.00474460178195,0.0],[109.3270225898207,-0.004828790915925,0.0],[109.327127592864201,-0.00491380113097,0.0],[109.327232596806894,-0.004998810446735,0.0],[109.327336892083935,-0.005084695702087,0.0],[109.327441098328109,-0.00517069337276,0.0],[109.327545043768808,-0.005257007604789,0.0],[109.327648606098364,-0.005343791282899,0.0],[109.327752168427921,-0.00543057316236,0.0],[109.327855338652995,-0.005517826286641,0.0],[109.327958418945911,-0.005605188228766,0.0],[109.328061475856472,-0.005692576251362,0.0],[109.328164208111801,-0.005780352781051,0.0],[109.328266941266406,-0.005868129310651,0.0],[109.328369627656201,-0.005955958001016,0.0],[109.32847203885359,-0.006044116742568,0.0],[109.32857444825224,-0.006132272786099,0.0],[109.328676840563759,-0.006220451312713,0.0],[109.328778921709954,-0.006308994964146,0.0],[109.328881001057425,-0.006397540414141,0.0],[109.328983081304258,-0.006486084065485,0.0],[109.329084877365261,-0.006574959566666,0.0],[109.329186611373046,-0.006663907013673,0.0],[109.329288346280222,-0.006752850863292,0.0],[109.329389902222275,-0.006842004254984,0.0],[109.32949127110534,-0.006931372584787,0.0],[109.329592639089029,-0.007020741813693,0.0],[109.329693981891808,-0.00711014072037,0.0],[109.32979495597246,-0.007199961409035,0.0],[109.329895930053198,-0.007289782097699,0.0],[109.329960111969598,-0.007346872859862,0.0],[109.329996903234573,-0.007379601887083,0.0],[109.330097627303743,-0.00746970856014,0.0],[109.330198167911234,-0.007560019379318,0.0],[109.330298711216557,-0.007650329299216,0.0],[109.33039922214644,-0.007740674292658,0.0],[109.330499287012614,-0.007831519309056,0.0],[109.330599353677343,-0.007922364325632,0.0],[109.330629099653251,-0.007949370067275,0.0],[109.330699417644055,-0.0080132102414,0.0],[109.330799194727106,-0.008104376315912,0.0],[109.330898727194523,-0.008195812186964,0.0],[109.330998259662039,-0.008287249856667,0.0],[109.331097775042323,-0.008378704613501,0.0],[109.331196715755908,-0.008470790694395,0.0],[109.331295655570116,-0.008562876775289,0.0],[109.331394597182978,-0.008654961956902,0.0],[109.3314932033487,-0.008747407766665,0.0],[109.331591500147667,-0.008840192620776,0.0],[109.33168979514798,-0.008932974776956,0.0],[109.331788090148294,-0.009025757832417,0.0],[109.331885698965863,-0.009119273835359,0.0],[109.331983305085572,-0.00921279163695,0.0],[109.332080910305834,-0.009306311237281,0.0],[109.332178193568794,-0.00940016808322,0.0],[109.332275073036271,-0.009494449409256,0.0],[109.332371950704996,-0.009588728936641,0.0],[109.332468832870404,-0.009683010262676,0.0],[109.332564479367349,-0.0097785551362,0.0],[109.332659911825544,-0.009874319444239,0.0],[109.332727345690529,-0.009941782087533,0.0],[109.332755489973962,-0.009969936263501,0.0],[109.332851390079682,-0.010065225729508,0.0],[109.332947290185317,-0.010160516994253,0.0],[109.333043191190413,-0.010255805560891,0.0],[109.333139091296047,-0.010351095926267,0.0],[109.333234364574295,-0.010447015817052,0.0],[109.3333289471732,-0.010543631783125,0.0],[109.333423528872828,-0.010640248648477,0.0],[109.333518112371024,-0.010736864614549,0.0],[109.333612211134735,-0.010833956321934,0.0],[109.333706061685447,-0.010931291745655,0.0],[109.333799912236245,-0.011028629867307,0.0],[109.333893762787042,-0.011125965291028,0.0],[109.333987223931288,-0.011223682027242,0.0],[109.334080551076582,-0.011321524668609,0.0],[109.334173879121252,-0.011419370907187,0.0],[109.33426720626656,-0.011517214447834,0.0],[109.334360314876704,-0.011615271127854,0.0],[109.334453353339683,-0.011713395256943,0.0],[109.334546390003922,-0.011811520285401,0.0],[109.334639426668261,-0.01190964441449,0.0],[109.334732413869844,-0.012007817107043,0.0],[109.334825380386988,-0.01210601138322,0.0],[109.334918346904232,-0.012204203860835,0.0],[109.335011310723445,-0.01230239723782,0.0],[109.335104368072209,-0.012400505179147,0.0],[109.335197475782905,-0.012498560959797,0.0],[109.335290584393064,-0.012596616740448,0.0],[109.335383692103761,-0.01269467521903,0.0],[109.335476934712773,-0.012792602396685,0.0],[109.335570289737106,-0.012890420756231,0.0],[109.335663642962786,-0.012988239115866,0.0],[109.335756997987119,-0.01308605927415,0.0],[109.33576130304175,-0.01309050732097,0.0],[109.335851037395557,-0.013183212135462,0.0],[109.335945107380866,-0.013280331721879,0.0],[109.336039178265551,-0.013377454006316,0.0],[109.336133250049514,-0.013474573592645,0.0],[109.33622768695821,-0.013571331651543,0.0],[109.336322545648983,-0.013667672425035,0.0],[109.336417405239118,-0.013764014097986,0.0],[109.33651226392989,-0.013860354871478,0.0],[109.336607639730829,-0.013956173138843,0.0],[109.336703499367061,-0.014051506671644,0.0],[109.33679935720464,-0.014146840204446,0.0],[109.336895215042219,-0.014242172837966,0.0],[109.336991676324914,-0.014336886737889,0.0],[109.337088439779762,-0.014431288573038,0.0],[109.337185205033265,-0.014525688609537,0.0],[109.337281969387476,-0.014620090444775,0.0],[109.337379420823638,-0.014713771922994,0.0],[109.337476929816518,-0.014807391348007,0.0],[109.337574439708689,-0.01490101077293,0.0],[109.33767213306254,-0.014994436843721,0.0],[109.337757699957976,-0.015075562886848,0.0],[109.337770225715374,-0.015087438434505,0.0],[109.337868318368223,-0.0151804400252,0.0],[109.337966410121794,-0.015273441615984,0.0],[109.338064858906208,-0.015366061894187,0.0],[109.338163361649848,-0.015458621018552,0.0],[109.338261866192241,-0.015551180142739,0.0],[109.338360502035556,-0.015643597174189,0.0],[109.338398834738527,-0.015679439654373,0.0],[109.338459231408507,-0.015735914380868,0.0],[109.338557958083342,-0.015828233386197,0.0],[109.338656688355556,-0.015920546995576,0.0],[109.338755420426352,-0.016012860604955,0.0],[109.338854151597943,-0.016105173315053,0.0],[109.338888252091209,-0.016137179287326,0.0],[109.338952710099562,-0.016197675782073,0.0],[109.339051172373814,-0.016290279872424,0.0],[109.33914962205742,-0.016382896553415,0.0],[109.339247496175034,-0.016476131967827,0.0],[109.339345367594703,-0.016569367382415,0.0],[109.339442729098721,-0.016663145088016,0.0],[109.339539802819701,-0.016757224066579,0.0],[109.33963636122914,-0.016851833645151,0.0],[109.339732422313475,-0.016946962132549,0.0],[109.339827716276147,-0.017042864036923,0.0],[109.339922488631984,-0.017139289346704,0.0],[109.3400158076834,-0.017237140981232,0.0],[109.340108171654805,-0.017335898233031,0.0],[109.340199163260792,-0.017435946911351,0.0],[109.340287614282047,-0.017538281666332,0.0],[109.340373290894703,-0.017642969047762,0.0],[109.340455310863916,-0.017750573829825,0.0],[109.340532895376867,-0.017861465634097,0.0],[109.340605146010688,-0.017975955625807,0.0],[109.340673843423161,-0.018092648956538,0.0],[109.340742271938367,-0.018209500567948,0.0],[109.34081750832145,-0.018321951796543,0.0],[109.340903154357136,-0.018426576225486,0.0],[109.340996556146195,-0.018524302854231,0.0],[109.341094658691574,-0.018617281062652,0.0],[109.341195121957369,-0.01870767821677,0.0],[109.34129638831773,-0.018797165256859,0.0],[109.341397939763212,-0.018886324044589,0.0],[109.341499705247244,-0.018975236417964,0.0],[109.341601620918169,-0.0190639743229,0.0],[109.341703660695416,-0.019152567436989,0.0],[109.341805799398159,-0.019241043639265,0.0],[109.341908093683642,-0.019329338178322,0.0],[109.341933778321263,-0.01935149477559,0.0],[109.342010411351495,-0.019417608435826,0.0],[109.342112744307741,-0.019505855310878,0.0],[109.342215376738295,-0.01959374965175,0.0],[109.342318448037972,-0.019681125083795,0.0],[109.342422010367528,-0.019767907862625,0.0],[109.342526153659108,-0.019853981076337,0.0],[109.342630985831391,-0.019939201732735,0.0],[109.342736627393464,-0.020023405255911,0.0],[109.342843349940708,-0.020106218427165,0.0],[109.342951451148608,-0.020187193384216,0.0],[109.34306100116433,-0.020266167349716,0.0],[109.343172137584133,-0.020342853439906,0.0],[109.343284952138902,-0.020417013334486,0.0],[109.343399497888583,-0.020488430296786,0.0],[109.343515796416895,-0.020556917267902,0.0],[109.343633833334835,-0.020622318665,0.0],[109.34375355558214,-0.020684537361506,0.0],[109.343874880421481,-0.020743532887748,0.0],[109.343997291641742,-0.020800220753528,0.0],[109.344118257651488,-0.0208599474286,0.0],[109.344234102921575,-0.020929111589132,0.0],[109.344342114197232,-0.021010009204494,0.0],[109.344441953333572,-0.021100802959675,0.0],[109.344535468437229,-0.021198266986391,0.0],[109.344621520966513,-0.021302653094859,0.0],[109.344702021081446,-0.021411286701503,0.0],[109.344778874445552,-0.021522710904345,0.0],[109.344851320232266,-0.021636997649302,0.0],[109.344920441225455,-0.021753440968466,0.0],[109.344988990249774,-0.021870209842325,0.0],[109.345052073194694,-0.021990079578507,0.0],[109.345115153441583,-0.022109949314688,0.0],[109.345177725571645,-0.022230078954879,0.0],[109.345236789446318,-0.022352005440676,0.0],[109.345295852421714,-0.022473931027014,0.0],[109.345354916296401,-0.022595858412091,0.0],[109.34541204393075,-0.022718707602201,0.0],[109.345468433221683,-0.022841911125229,0.0],[109.345524820713962,-0.022965111950326,0.0],[109.34558121000488,-0.023088314573985,0.0],[109.345635830329329,-0.023212322990232,0.0],[109.345690391298575,-0.023336359285511,0.0],[109.345744948670529,-0.02346039378214,0.0],[109.345799507841136,-0.02358442827868,0.0],[109.345855172278462,-0.023707964550826,0.0],[109.345910752179492,-0.023831534997234,0.0],[109.345959954088713,-0.023957821396261,0.0],[109.346009246829354,-0.024084070923094,0.0],[109.346058625005568,-0.024210288074314,0.0],[109.346108086818788,-0.0243364701519,0.0],[109.3461575783097,-0.024462641437675,0.0],[109.346207053612758,-0.02458881901877,0.0],[109.346214092606402,-0.024606783875927,0.0],[109.346256484848922,-0.024715013686907,0.0],[109.34630581086455,-0.024841248824539,0.0],[109.346354940827936,-0.02496756310251,0.0],[109.346403840564818,-0.025093968212,0.0],[109.346452476800479,-0.025220475844281,0.0],[109.346486364154472,-0.025309131011489,0.0],[109.346500869319712,-0.025347078804574,0.0],[109.346549096363759,-0.025473744717444,0.0],[109.34659726944848,-0.025600433113395,0.0],[109.346645543257253,-0.025727081039942,0.0],[109.346694026608105,-0.02585364802741,0.0],[109.346742816627767,-0.025980096304326,0.0],[109.346791991557239,-0.026106391696515,0.0],[109.34684161884573,-0.026232509922333,0.0],[109.346891869364327,-0.026358376337934,0.0],[109.346942777287353,-0.026483973856275,0.0],[109.346994194226781,-0.026609361832544,0.0],[109.347030701305911,-0.02669746391675,0.0],[109.347046070719657,-0.026734558253241,0.0],[109.347098397772925,-0.026859564916928,0.0],[109.347151222151211,-0.026984359340612,0.0],[109.347204372084121,-0.027109010772189,0.0],[109.347257835880526,-0.027233529104012,0.0],[109.347311608144238,-0.02735791163824,0.0],[109.347365735640238,-0.02748213858981,0.0],[109.347420153617207,-0.027606236038926,0.0],[109.347440043922958,-0.027651320851698,0.0],[109.347474848585492,-0.02773021207956,0.0],[109.347529844826468,-0.027854051423317,0.0],[109.347585180112077,-0.02797773698289,0.0],[109.347640895810699,-0.028101248973391,0.0],[109.347697028794926,-0.028224570307603,0.0],[109.34775361863467,-0.02834768030118,0.0],[109.347810692309693,-0.028470562766183,0.0],[109.347868325362967,-0.028593181729877,0.0],[109.347926530385095,-0.02871552460171,0.0],[109.34798531367133,-0.028837588683664,0.0],[109.348044662631125,-0.028959373076545,0.0],[109.34810456107671,-0.029080885874147,0.0],[109.348164837237476,-0.029202209814019,0.0],[109.348225385892903,-0.029323395258454,0.0],[109.348286127902554,-0.02944448267668,0.0],[109.348347003011853,-0.029565504444398,0.0],[109.348407984241163,-0.029686468655579,0.0],[109.348469023926384,-0.029807404987728,0.0],[109.348530104980384,-0.029928319736164,0.0],[109.348591218410078,-0.030049219196118,0.0],[109.34865236061799,-0.030170101568941,0.0],[109.348713510919879,-0.030290981243744,0.0],[109.34875317282075,-0.030369377844422,0.0],[109.348774663020336,-0.030411860019266,0.0],[109.348835808825555,-0.030532740593439,0.0],[109.348896928550474,-0.030653635556812,0.0],[109.348958008705182,-0.03077455030516,0.0],[109.349019087960613,-0.030895465952965,0.0],[109.349080228369886,-0.031016351023719,0.0],[109.349141528858482,-0.031137151558272,0.0],[109.349203124324816,-0.031257802805309,0.0],[109.349265091211095,-0.031378259798845,0.0],[109.349297455113501,-0.03144064037324,0.0],[109.349327473584054,-0.031498499156426,0.0],[109.349390277739175,-0.031618516381385,0.0],[109.34945347489797,-0.03173832316499,0.0],[109.349517055167993,-0.031857924003911,0.0],[109.349581025743859,-0.031977315300849,0.0],[109.349645416302963,-0.032096478169843,0.0],[109.349710272710936,-0.032215381134917,0.0],[109.349775684000662,-0.032333978330359,0.0],[109.349841774278531,-0.032452192414747,0.0],[109.349875209273577,-0.032510982895498,0.0],[109.349908725207598,-0.032569913670513,0.0],[109.349976652800393,-0.032687068353446,0.0],[109.350045459030795,-0.03280370142962,0.0],[109.350114896585254,-0.032919954991864,0.0],[109.350184585050656,-0.03303605656875,0.0],[109.35025419077833,-0.033152207608203,0.0],[109.350323533004683,-0.033268519626442,0.0],[109.350392534387964,-0.033385035790714,0.0],[109.350461174243804,-0.03350176959094,0.0],[109.350529546101669,-0.033618661671844,0.0],[109.350597796551142,-0.033735626597855,0.0],[109.350665964262888,-0.033852640087242,0.0],[109.350734067223485,-0.033969691348104,0.0],[109.350802175579958,-0.034086739011754,0.0],[109.350870299224994,-0.034203778581434,0.0],[109.350938493916388,-0.03432077498369,0.0],[109.351004169606796,-0.034433244198786,0.0],[109.351006781238056,-0.034437718325988,0.0],[109.351075145002042,-0.034554614004192,0.0],[109.351143746187034,-0.034671372086151,0.0],[109.351212511947949,-0.034788030343249,0.0],[109.351281447680719,-0.034904586077736,0.0],[109.35135070267286,-0.035020949357281,0.0],[109.351420166307705,-0.035137189429693,0.0],[109.351489832290014,-0.035253302697671,0.0],[109.351559745585874,-0.035369265778942,0.0],[109.351629955657941,-0.035485049895103,0.0],[109.351700393258582,-0.035600693717,0.0],[109.35177107187755,-0.035716185553538,0.0],[109.351842005903933,-0.035831520907872,0.0],[109.351913206129652,-0.035946689887825,0.0],[109.351984700433633,-0.036061672707979,0.0],[109.352056597633918,-0.036176401919355,0.0],[109.352128974172899,-0.036290825361276,0.0],[109.352201920882024,-0.036404879181798,0.0],[109.352275509707098,-0.036518514817543,0.0],[109.352349776620954,-0.036631702591008,0.0],[109.352424728818207,-0.036744434408134,0.0],[109.352429079738272,-0.036750919419417,0.0],[109.352500332124663,-0.036856721960102,0.0],[109.35257655056742,-0.036968586830801,0.0],[109.3526137447286,-0.037022538958989,0.0],[109.352653379649809,-0.037080027221406,0.0],[109.35273081757326,-0.037191040434073,0.0],[109.352808854445158,-0.037301629166822,0.0],[109.352887733981746,-0.037411609058416,0.0],[109.352967244842574,-0.037521125799247,0.0],[109.353047299793076,-0.037630239643785,0.0],[109.353128029235222,-0.037738851666627,0.0],[109.353209516805777,-0.037846886324735,0.0],[109.35329142525913,-0.03795459992473,0.0],[109.353374055867974,-0.038061751448562,0.0],[109.353457245855324,-0.038168462304624,0.0],[109.353540808161824,-0.038274879981695,0.0],[109.353625105214533,-0.038380708602761,0.0],[109.353709567742442,-0.038486403224882,0.0],[109.353794712855802,-0.038591540267332,0.0],[109.353880019847139,-0.038696546008768,0.0],[109.353965851143158,-0.038801115578926,0.0],[109.354051894679188,-0.038905510680734,0.0],[109.354138367191993,-0.039009546053672,0.0],[109.354225077125619,-0.039113379079139,0.0],[109.354312155781457,-0.039216899140551,0.0],[109.354399488045999,-0.039320203364659,0.0],[109.354487156657029,-0.039423218007076,0.0],[109.354575086071449,-0.039526007818938,0.0],[109.354663334745155,-0.039628518841009,0.0],[109.354712220092921,-0.039685002560755,0.0],[109.354751851416921,-0.039730796938644,0.0],[109.354840667562826,-0.039832808836951,0.0],[109.354929736418313,-0.039934600401461,0.0],[109.355019059781867,-0.040036165336679,0.0],[109.355108614271202,-0.040137521629282,0.0],[109.355198369309363,-0.040238699856057,0.0],[109.35528833388959,-0.04033968832591,0.0],[109.355378445958593,-0.040440542796729,0.0],[109.355468746885236,-0.040541228195059,0.0],[109.355559143139985,-0.04064182366115,0.0],[109.35564969857478,-0.040742277034414,0.0],[109.35574030527097,-0.040842682743583,0.0],[109.355831029778258,-0.040942979634731,0.0],[109.355921773171332,-0.041043260338116,0.0],[109.356012571423094,-0.041143490679565,0.0],[109.356103370574132,-0.041243718322906,0.0],[109.356194177819148,-0.041343942369035,0.0],[109.356285012043728,-0.041444137636762,0.0],[109.356375892133755,-0.041544292435083,0.0],[109.356466887337049,-0.041644342912053,0.0],[109.356557947291464,-0.041744332235097,0.0],[109.35664926894863,-0.041844078741174,0.0],[109.356740703021131,-0.041943720026618,0.0],[109.356832458151459,-0.042043063636401,0.0],[109.356924502863578,-0.042142132952974,0.0],[109.35701678679537,-0.042240978338451,0.0],[109.357109683165433,-0.042339240963154,0.0],[109.357202902392075,-0.042437192422453,0.0],[109.357296642326205,-0.042534637563476,0.0],[109.357391120603765,-0.04263135695153,0.0],[109.357486064730196,-0.042727613188734,0.0],[109.357581695039286,-0.04282317964597,0.0],[109.357678113154464,-0.042917940310619,0.0],[109.35777506186966,-0.043012149690916,0.0],[109.357872629318436,-0.043105710659932,0.0],[109.357971066411679,-0.043198344427966,0.0],[109.358070031406896,-0.043290402629917,0.0],[109.358169517109587,-0.043381894258945,0.0],[109.358269799611634,-0.043472497357835,0.0],[109.358370607317724,-0.043562509602071,0.0],[109.358471847597698,-0.043652027219212,0.0],[109.358573657148625,-0.043740891928581,0.0],[109.358675901971367,-0.043829244024354,0.0],[109.358778411194791,-0.043917286753372,0.0],[109.358881218993147,-0.044004976948122,0.0],[109.358984259715868,-0.044092389252362,0.0],[109.359087402961364,-0.044179680148118,0.0],[109.359190644232896,-0.044266853232691,0.0],[109.359201938818515,-0.04427638604634,0.0],[109.359293896296322,-0.044354011028782,0.0],[109.359397106990983,-0.044441220985461,0.0],[109.359500242142516,-0.044528519975187,0.0],[109.359603142571046,-0.044616097754704,0.0],[109.359705852343296,-0.044703905760548,0.0],[109.359808345378866,-0.044791968274718,0.0],[109.359910405840637,-0.044880537107075,0.0],[109.360012198304418,-0.044969419802856,0.0],[109.36011371467626,-0.045058619959362,0.0],[109.360214810165402,-0.045148305749623,0.0],[109.360221142291962,-0.045153948096213,0.0],[109.360315517147441,-0.045238432207831,0.0],[109.360415907568125,-0.045328916596168,0.0],[109.360515926568851,-0.045419815571981,0.0],[109.360612728694548,-0.045508817877596,0.0],[109.360615423962741,-0.045511297308478,0.0],[109.360714574218292,-0.045603154062237,0.0],[109.360813382731493,-0.045695386732716,0.0],[109.360911645356197,-0.045788207559652,0.0],[109.361009531164981,-0.045881432182251,0.0],[109.361107096815118,-0.045974994050726,0.0],[109.361204234387955,-0.046069009177343,0.0],[109.361300964567903,-0.046163445186756,0.0],[109.361397418655997,-0.046258169878579,0.0],[109.361493534599035,-0.046353242608002,0.0],[109.361589241350529,-0.046448732622919,0.0],[109.361684700788402,-0.046544471749946,0.0],[109.361779893127647,-0.046640483371532,0.0],[109.361874682570615,-0.046736894292201,0.0],[109.361969256176266,-0.046833521949455,0.0],[109.362063604951459,-0.046930369940592,0.0],[109.362157532843952,-0.047027636116506,0.0],[109.362251226013356,-0.047125127122885,0.0],[109.362344690754895,-0.047222842060448,0.0],[109.362437695942987,-0.047321000363801,0.0],[109.362530450220135,-0.047419398786188,0.0],[109.362622967975625,-0.047518022039042,0.0],[109.362714994701335,-0.047617111140677,0.0],[109.362806780408633,-0.047716425972235,0.0],[109.362898300815985,-0.047815988117253,0.0],[109.362989344582644,-0.047915991829497,0.0],[109.363080168914692,-0.048016198788494,0.0],[109.363170664994215,-0.048116706121084,0.0],[109.363260787855125,-0.048217550699372,0.0],[109.363334204010314,-0.048300007739057,0.0],[109.363350723657035,-0.048318566148889,0.0],[109.363440268253839,-0.048419935031954,0.0],[109.363529570033677,-0.048521517953673,0.0],[109.363618663170811,-0.048623287035013,0.0],[109.363707353411741,-0.048725414046571,0.0],[109.363795870982699,-0.048827692144207,0.0],[109.363884083683587,-0.04893023464261,0.0],[109.363971980722383,-0.049033053232786,0.0],[109.364059686205621,-0.049136036398958,0.0],[109.364146999584449,-0.049239356810829,0.0],[109.364234026978806,-0.049342922737685,0.0],[109.364320809757643,-0.049446696407876,0.0],[109.36440713837878,-0.049550854088578,0.0],[109.364493118063038,-0.049655301351062,0.0],[109.364578784783163,-0.049760010316205,0.0],[109.364663998244964,-0.04986509160059,0.0],[109.364748726972195,-0.049970573083427,0.0],[109.364833068091698,-0.050076364832299,0.0],[109.364917003616895,-0.050182485733077,0.0],[109.365000348287438,-0.050289077878587,0.0],[109.365083198330979,-0.05039605943056,0.0],[109.365165605008727,-0.050503386322201,0.0],[109.365247572817267,-0.05061105405684,0.0],[109.365329051394667,-0.050719097708199,0.0],[109.365410162149317,-0.05082742104863,0.0],[109.365491010301923,-0.050935944937882,0.0],[109.365571639020033,-0.051044633403044,0.0],[109.365652112155303,-0.051153437880827,0.0],[109.365732515143563,-0.051262296317847,0.0],[109.365812979285664,-0.05137110619158,0.0],[109.365893705130432,-0.051479721811723,0.0],[109.365974776314957,-0.051588076628397,0.0],[109.36605573508416,-0.051696515082081,0.0],[109.366135992382212,-0.051805481437752,0.0],[109.366215193876101,-0.051915225707069,0.0],[109.366293316183658,-0.052025753285803,0.0],[109.366370556256214,-0.052136904994174,0.0],[109.366447172199315,-0.052248495571574,0.0],[109.366523203583,-0.0523604917432,0.0],[109.3665987502322,-0.05247281886547,0.0],[109.366674126909544,-0.052585262899554,0.0],[109.366749089898605,-0.052697985723429,0.0],[109.366824013317625,-0.052810737325617,0.0],[109.366898675933186,-0.052923661597684,0.0],[109.366973282790767,-0.053036626339156,0.0],[109.367047775434557,-0.053149663925825,0.0],[109.367122153864372,-0.053262780652743,0.0],[109.367196532294187,-0.053375895581012,0.0],[109.367270746148094,-0.053489120226671,0.0],[109.367344959102624,-0.053602345771611,0.0],[109.367419134285697,-0.053715597396844,0.0],[109.367493225831751,-0.053828902981403,0.0],[109.367567318277167,-0.053942208566052,0.0],[109.367641365756427,-0.054055543828204,0.0],[109.367715373665646,-0.054168905170829,0.0],[109.367789380675418,-0.054282267412644,0.0],[109.367863355309652,-0.054395652137631,0.0],[109.367937305662167,-0.054509051251641,0.0],[109.368011256014668,-0.05462245036574,0.0],[109.368085197374015,-0.05473585667444,0.0],[109.368159130639398,-0.05484926658035,0.0],[109.368233065703421,-0.054962677385631,0.0],[109.368307049330909,-0.055076054016648,0.0],[109.368381061736628,-0.055189411761883,0.0],[109.368406864185516,-0.055228933368581,0.0],[109.368455075041808,-0.055302771305768,0.0],[109.368529195366165,-0.055416058904003,0.0],[109.368603393931593,-0.055529293442105,0.0],[109.368677593396299,-0.055642527980207,0.0],[109.368751937651851,-0.055755666290927,0.0],[109.368826426698334,-0.055868708374176,0.0],[109.368900916644108,-0.055981748658687,0.0],[109.368959568629236,-0.056070526133836,0.0],[109.368975571165691,-0.056094680125354,0.0],[109.369050455913879,-0.056207456908555,0.0],[109.369125339762689,-0.056320233691756,0.0],[109.369200382791547,-0.056432901657024,0.0],[109.369275769361323,-0.056545342093808,0.0],[109.369351153233183,-0.056657779832661,0.0],[109.369426670204703,-0.056770127639274,0.0],[109.369502660219695,-0.056882151689844,0.0],[109.369578650234601,-0.056994176639871,0.0],[109.369654725685066,-0.057106142234622,0.0],[109.369731430661048,-0.057217671658185,0.0],[109.369781171264052,-0.057289992439194,0.0],[109.369808137435669,-0.057329200182379,0.0],[109.369884864894715,-0.057440715216741,0.0],[109.369962371166523,-0.057551681664772,0.0],[109.370039877438401,-0.057662648112713,0.0],[109.370117383710379,-0.057773616359305,0.0],[109.370176116634511,-0.05785652485866,0.0],[109.37019562922498,-0.057884054905169,0.0],[109.370273915209083,-0.057994465572089,0.0],[109.370352202092548,-0.05810487713829,0.0],[109.370431151776316,-0.058214807567228,0.0],[109.370510177003126,-0.058324683137559,0.0],[109.370589202229922,-0.05843455780852,0.0],[109.370668859680165,-0.05854396932872,0.0],[109.370748593572813,-0.058653325090854,0.0],[109.370828330163377,-0.058762680852989,0.0],[109.370908710668473,-0.05887155277984,0.0],[109.370989135240464,-0.058980395928468,0.0],[109.371069597583912,-0.059089210298782,0.0],[109.371101107130443,-0.059131300369144,0.0],[109.371150699345392,-0.059197540833813,0.0],[109.371231799308148,-0.059305874066775,0.0],[109.371313078236,-0.059414069703492,0.0],[109.371394853589692,-0.059521885826277,0.0],[109.371476630742023,-0.059629701049782,0.0],[109.371558793703443,-0.059737220396363,0.0],[109.371641256139156,-0.05984450501986,0.0],[109.371723718574799,-0.059951789643356,0.0],[109.371808721595329,-0.060057045396269,0.0],[109.371853863964731,-0.060114046226192,0.0],[109.371892719173729,-0.060163106941771,0.0],[109.371975536841575,-0.060270113674757,0.0],[109.372058355408868,-0.060377122206392,0.0],[109.372141488738777,-0.060483877129161,0.0],[109.372226129332503,-0.060589429658456,0.0],[109.372310768127505,-0.060694983086942,0.0],[109.372396117386984,-0.060799954654114,0.0],[109.372481509813895,-0.060904892047023,0.0],[109.372567514679162,-0.061009318625074,0.0],[109.372653664335189,-0.061113627391942,0.0],[109.372740395852631,-0.061217445128927,0.0],[109.372827293744621,-0.061321119873717,0.0],[109.372914803175703,-0.061424273911117,0.0],[109.373002434914454,-0.061527320929058,0.0],[109.373090748339479,-0.061629779790453,0.0],[109.373179197561996,-0.061732116344085,0.0],[109.373268230444481,-0.06183394028412,0.0],[109.373357569995889,-0.061935490830225,0.0],[109.373447335825944,-0.062036660063749,0.0],[109.373537681718673,-0.062137304093215,0.0],[109.373547755924321,-0.062148463780523,0.0],[109.373560671211905,-0.062162770218069,0.0],[109.373381555,-0.062334834999958,0.0],[109.373013984000053,-0.062672474999917,0.0],[109.372892740000054,-0.062783845999983,0.0],[109.372821436000024,-0.062707788999908,0.0],[109.372745378000033,-0.062636484999959,0.0],[109.37215117900007,-0.061947213999949,0.0],[109.371281885000087,-0.060765222999939,0.0],[109.371160055000047,-0.060599570999911,0.0],[109.369020937000073,-0.057654720999969,0.0],[109.368354784000104,-0.05821651,0.0],[109.368148441661518,-0.058390525279875,0.0],[109.368117499223303,-0.05834805471894,0.0],[109.368108859436376,-0.058336061360101,0.0],[109.368038385862818,-0.058238243899747,0.0],[109.367959920014329,-0.058127962735191,0.0],[109.36788212506012,-0.058017202232022,0.0],[109.367805105321352,-0.057905893142432,0.0],[109.367729007387808,-0.057793942836162,0.0],[109.367653878923463,-0.05768133062887,0.0],[109.367579603016353,-0.057568148251355,0.0],[109.367506123908484,-0.057454439770502,0.0],[109.367505460208903,-0.057453400154286,0.0],[109.367433455089966,-0.057340203387659,0.0],[109.367361379823862,-0.057225586591516,0.0],[109.36728982436594,-0.057110642442118,0.0],[109.367218767132428,-0.056995382630734,0.0],[109.367148184741026,-0.056879827841707,0.0],[109.367078054708571,-0.05676399516217,0.0],[109.367008350055329,-0.056647901679255,0.0],[109.366939040204585,-0.056531569876042,0.0],[109.366870098176577,-0.056415016839486,0.0],[109.366801478105799,-0.056298271348079,0.0],[109.366733104449281,-0.056181376569245,0.0],[109.366664882778224,-0.056064396354752,0.0],[109.366596721361617,-0.055947376570134,0.0],[109.36652850418713,-0.05583039185906,0.0],[109.366460172798767,-0.055713472798493,0.0],[109.36639169482099,-0.055596643670166,0.0],[109.36632298931454,-0.055479947641415,0.0],[109.36625393307267,-0.055363462953386,0.0],[109.36618458724891,-0.055247152733797,0.0],[109.366114942850402,-0.055131023278057,0.0],[109.366044747167351,-0.055015231068014,0.0],[109.365974188158319,-0.054899661889876,0.0],[109.365903317084516,-0.05478428786452,0.0],[109.365831947786219,-0.054669224105377,0.0],[109.365760214262565,-0.054554392371211,0.0],[109.365688217237505,-0.054439725213132,0.0],[109.365615731880595,-0.054325371019018,0.0],[109.365542957841271,-0.054211202984525,0.0],[109.365469941884427,-0.054097192331517,0.0],[109.365396450186097,-0.053983490145895,0.0],[109.365322736355239,-0.053869937247788,0.0],[109.365248551279734,-0.053756691018416,0.0],[109.365174367103421,-0.053643448386345,0.0],[109.365135752013458,-0.053584695677069,0.0],[109.365100012055976,-0.053530317270225,0.0],[109.365025113818049,-0.053417550379644,0.0],[109.36495011215797,-0.053304852736782,0.0],[109.364874648246484,-0.053192468957166,0.0],[109.364799019759019,-0.05308019669368,0.0],[109.364723010858327,-0.052968185233484,0.0],[109.364646689892879,-0.052856389610681,0.0],[109.364570079345725,-0.052744793637241,0.0],[109.364492955285698,-0.05263355919132,0.0],[109.364415639670099,-0.052522456945783,0.0],[109.364337576717816,-0.052411887098816,0.0],[109.364259180117145,-0.052301557370884,0.0],[109.364180207950284,-0.052191644029078,0.0],[109.364100418299671,-0.052082332333739,0.0],[109.364020093552554,-0.051973417239373,0.0],[109.363938924341909,-0.051865137965737,0.0],[109.363856839621548,-0.051757561961898,0.0],[109.363774098396036,-0.051650496772917,0.0],[109.36369068267895,-0.051543961284753,0.0],[109.363606299291376,-0.051438201911405,0.0],[109.363521375411182,-0.051332884105284,0.0],[109.363435983883647,-0.051227945813006,0.0],[109.363350083339725,-0.051123432000735,0.0],[109.363263795188075,-0.0510192428437,0.0],[109.363177310984199,-0.050915218262662,0.0],[109.363090589359288,-0.050811390633057,0.0],[109.363003650098435,-0.050707750062531,0.0],[109.362916604717569,-0.050604202122176,0.0],[109.36282925806384,-0.050500908689879,0.0],[109.362741796296945,-0.050397715981812,0.0],[109.362654115095353,-0.050294710332557,0.0],[109.362566218056642,-0.050191892641663,0.0],[109.362478176226901,-0.050089199057271,0.0],[109.36238980884265,-0.049986789658621,0.0],[109.362301355123549,-0.04988445760157,0.0],[109.362212487716164,-0.049782487072128,0.0],[109.362123487209189,-0.04968063705171,0.0],[109.362034133268679,-0.049579099995436,0.0],[109.361944492444408,-0.049477819245871,0.0],[109.361854583622147,-0.049376777716062,0.0],[109.361764175676228,-0.049276191243133,0.0],[109.36167357437607,-0.049175781037472,0.0],[109.361582339953117,-0.049075953592406,0.0],[109.361490806955231,-0.048976403138481,0.0],[109.361398828792986,-0.048877269969963,0.0],[109.361306302943603,-0.04877865391171,0.0],[109.361213547767093,-0.048680258187342,0.0],[109.361120011979082,-0.048582611598216,0.0],[109.361026277440814,-0.048485161061332,0.0],[109.360931952047991,-0.048388285191161,0.0],[109.36083728221486,-0.048291757358679,0.0],[109.36074220139156,-0.048195634221051,0.0],[109.360646687994276,-0.048099950852001,0.0],[109.360550901203155,-0.048004542675442,0.0],[109.360454687234096,-0.04790957067016,0.0],[109.360358294299928,-0.047814785723779,0.0],[109.360261511059932,-0.047720401874954,0.0],[109.360164595619636,-0.047626154723182,0.0],[109.36006733483967,-0.04753226999821,0.0],[109.35996996344312,-0.047438503084421,0.0],[109.359872280881092,-0.047345060825868,0.0],[109.359774501192391,-0.047251723787947,0.0],[109.359676395948995,-0.047158736586364,0.0],[109.35959072203427,-0.047077696878175,0.0],[109.359578195377495,-0.047065848310182,0.0],[109.35954495193802,-0.047034525822645,0.0],[109.359479814941523,-0.046973153388221,0.0],[109.359381347271409,-0.04688055289517,0.0],[109.359282545053446,-0.04678831392946,0.0],[109.359183681681557,-0.046696142412997,0.0],[109.359084528728062,-0.046604283860588,0.0],[109.35898525706402,-0.046512560206493,0.0],[109.358885784851154,-0.046421052389614,0.0],[109.358786098599637,-0.046329781993751,0.0],[109.358686299033508,-0.04623863660376,0.0],[109.35858626564368,-0.046147753815709,0.0],[109.358486118039949,-0.046056998731461,0.0],[109.358385866114887,-0.045966357861096,0.0],[109.358285461305087,-0.045875889660521,0.0],[109.358185015126423,-0.04578546912404,0.0],[109.358084502397872,-0.045695122332037,0.0],[109.357983962689758,-0.045604806116819,0.0],[109.35788341218975,-0.045514501592961,0.0],[109.357782889568767,-0.045424167391419,0.0],[109.357682399323309,-0.045333796317595,0.0],[109.357582009801988,-0.045243312828538,0.0],[109.357481710212824,-0.045152725917588,0.0],[109.35738156170973,-0.045061970833251,0.0],[109.357281573286059,-0.044971036783894,0.0],[109.357181771021999,-0.044879895890484,0.0],[109.357082198984372,-0.044788498690187,0.0],[109.356982851777289,-0.044696856874362,0.0],[109.356883804044429,-0.044604885906721,0.0],[109.356785027007476,-0.044512619961348,0.0],[109.356686622289857,-0.044419953817789,0.0],[109.356588544925401,-0.044326934240593,0.0],[109.356490928913246,-0.044233426331533,0.0],[109.356393702307543,-0.044139505633647,0.0],[109.356297043174038,-0.044044996779127,0.0],[109.356200807621278,-0.043950047256838,0.0],[109.356105204291751,-0.043854453819938,0.0],[109.356009972382367,-0.043758486265058,0.0],[109.355915424857002,-0.043661835225442,0.0],[109.355821151624937,-0.043564910791896,0.0],[109.355727611340271,-0.043467273196021,0.0],[109.355634238329529,-0.043369469225587,0.0],[109.355541616252665,-0.043270943099485,0.0],[109.355449073316151,-0.043172345027645,0.0],[109.355357256132521,-0.043073060773138,0.0],[109.35526549200894,-0.042973727055798,0.0],[109.355174305250074,-0.042873856443306,0.0],[109.355083188638318,-0.042773916582919,0.0],[109.354992892208244,-0.04267397492397,0.0],[109.35499252438558,-0.042673565732357,0.0],[109.354901921286697,-0.042573157325345,0.0],[109.354811670722071,-0.04247242696094,0.0],[109.354721464224241,-0.042371657925602,0.0],[109.354631559898664,-0.042270613697862,0.0],[109.354541679854719,-0.042169547886231,0.0],[109.354452182022641,-0.042068141231691,0.0],[109.354411529968203,-0.042022074359152,0.0],[109.354362689586509,-0.041966728281831,0.0],[109.354273201646961,-0.04186530993602,0.0],[109.354183714606791,-0.041763893388949,0.0],[109.354094483873411,-0.041662246615284,0.0],[109.35400530440134,-0.041560554875633,0.0],[109.353916226552684,-0.041458772304462,0.0],[109.353827197267407,-0.041356945666407,0.0],[109.353738221941455,-0.041255073162996,0.0],[109.353649298776176,-0.04115315389486,0.0],[109.353560399892629,-0.041051213942292,0.0],[109.353471540579221,-0.040949237117529,0.0],[109.35338269115833,-0.040847253098167,0.0],[109.35329387231441,-0.04074524209923,0.0],[109.353205052571198,-0.040643229301554,0.0],[109.353116295780481,-0.040541163443922,0.0],[109.353027538090487,-0.0404390975862,0.0],[109.352938867634705,-0.04033695618553,0.0],[109.352850210668763,-0.040234803093677,0.0],[109.352761657124887,-0.040132557371566,0.0],[109.352673138654467,-0.040030281072581,0.0],[109.352584739793969,-0.039927901351524,0.0],[109.352496406583981,-0.039825464073842,0.0],[109.352408210970225,-0.039722906287046,0.0],[109.35232010978531,-0.03962026576261,0.0],[109.352232174075652,-0.03951748134661,0.0],[109.352144361573053,-0.039414590810696,0.0],[109.352056766706497,-0.039311514114984,0.0],[109.351969304939516,-0.039208319608266,0.0],[109.351882139049536,-0.039104874190612,0.0],[109.351795087373446,-0.039001330746749,0.0],[109.351708392728213,-0.038897484231451,0.0],[109.351621794310432,-0.038793556777164,0.0],[109.351535510655367,-0.038689363123548,0.0],[109.35144939157621,-0.038585031873686,0.0],[109.351363450562886,-0.038480552235589,0.0],[109.351277791037276,-0.038375836975304,0.0],[109.351192277201889,-0.038271003903659,0.0],[109.351106930640427,-0.038166031437117,0.0],[109.351021826895845,-0.038060858421843,0.0],[109.350936866143542,-0.037955570293227,0.0],[109.35085206726913,-0.037850148165755,0.0],[109.350784546169933,-0.037765775570089,0.0],[109.350767548983256,-0.037744499409078,0.0],[109.350683599068944,-0.037638391998132,0.0],[109.350600640207475,-0.037531501277768,0.0],[109.350519139146996,-0.037423477411472,0.0],[109.350439639977523,-0.037313954375498,0.0],[109.350362454763484,-0.037202766694302,0.0],[109.350287299319476,-0.037090178768653,0.0],[109.350213895754749,-0.036976424422355,0.0],[109.350141930205936,-0.036861741975794,0.0],[109.350071110393515,-0.036746338272844,0.0],[109.350055211279056,-0.036720027707118,0.0],[109.350001197996932,-0.036630374292293,0.0],[109.349931999662047,-0.036513975939203,0.0],[109.349863527080132,-0.036397143213576,0.0],[109.349795693016887,-0.036279934571229,0.0],[109.349728083784086,-0.036162593728675,0.0],[109.349705598035001,-0.036123545165448,0.0],[109.349660506926909,-0.036045234000339,0.0],[109.349593439985313,-0.035927576596342,0.0],[109.349526554706841,-0.035809817569013,0.0],[109.349459955412669,-0.035691892167036,0.0],[109.349393510801889,-0.035573878631559,0.0],[109.349327244257012,-0.035455765271311,0.0],[109.349261187254029,-0.035337529603299,0.0],[109.349195241767092,-0.035219233680641,0.0],[109.349129537298381,-0.035100801061019,0.0],[109.34906390657406,-0.034982326173341,0.0],[109.348998534854559,-0.034863708293467,0.0],[109.348933221590954,-0.034745056239329,0.0],[109.34886817182867,-0.034626257595696,0.0],[109.348803184119774,-0.034507426576449,0.0],[109.348738455415415,-0.034388449867076,0.0],[109.348673803153559,-0.034269432688119,0.0],[109.348609390111378,-0.034150282409498,0.0],[109.34854507689387,-0.034031079071009,0.0],[109.348480942641473,-0.033911777706311,0.0],[109.34841691271042,-0.033792418784986,0.0],[109.348352997892633,-0.033672996911174,0.0],[109.348289182899521,-0.033553521977406,0.0],[109.348225430859074,-0.033434012869374,0.0],[109.34816176155617,-0.033314458795178,0.0],[109.348098119232844,-0.033194892130519,0.0],[109.348034528171013,-0.033075295788179,0.0],[109.347970938008459,-0.032955697647277,0.0],[109.347907357738421,-0.032836096808355,0.0],[109.347843767575867,-0.032716499566734,0.0],[109.34782663998746,-0.032684314629352,0.0],[109.347780133346518,-0.032596926606845,0.0],[109.347716487425984,-0.032477362640118,0.0],[109.347652726392283,-0.032357858028667,0.0],[109.347588960861913,-0.032238356115235,0.0],[109.347525012769225,-0.032118952227747,0.0],[109.347461065575729,-0.031999549239717,0.0],[109.347396914236199,-0.031880256868269,0.0],[109.347332755702169,-0.031760968993491,0.0],[109.347268373236844,-0.031641801627827,0.0],[109.347203977281794,-0.031522644154694,0.0],[109.347139317825338,-0.031403628774387,0.0],[109.347074614302088,-0.031284641273113,0.0],[109.347009640982208,-0.031165800361335,0.0],[109.346944523770844,-0.031047040388546,0.0],[109.346879170037667,-0.030928409918121,0.0],[109.346813463770403,-0.030809979996518,0.0],[109.346747483209825,-0.030691702959731,0.0],[109.346681014317397,-0.030573703813366,0.0],[109.346613816974141,-0.030456122851688,0.0],[109.346545976615573,-0.030338918706099,0.0],[109.346477540006475,-0.03022206619532,0.0],[109.346408962203938,-0.030105294623619,0.0],[109.346342151569132,-0.029987505019238,0.0],[109.346285445716845,-0.029864602769172,0.0],[109.346259172922515,-0.029732030109033,0.0],[109.346259253861589,-0.029596408747248,0.0],[109.346256745652298,-0.029460791882044,0.0],[109.346247087832964,-0.029325518557768,0.0],[109.346220370773551,-0.029192719268514,0.0],[109.346179233984557,-0.029063574824042,0.0],[109.346131986302169,-0.028936541088423,0.0],[109.346082163860885,-0.028810502902313,0.0],[109.346030174053311,-0.02868535594436,0.0],[109.345976554674323,-0.028560907759625,0.0],[109.34592131111971,-0.028437184428489,0.0],[109.345864333672154,-0.028314259695253,0.0],[109.345805401997765,-0.028192273854269,0.0],[109.345744221119006,-0.028071416662459,0.0],[109.34568083510257,-0.027951715998855,0.0],[109.34561576825314,-0.027832928147034,0.0],[109.345549723840719,-0.02771468708316,0.0],[109.345483481577489,-0.027596560232992,0.0],[109.345417741135947,-0.027478149197171,0.0],[109.345352972861477,-0.027359194970791,0.0],[109.345289469933135,-0.027239552763094,0.0],[109.345227344766258,-0.027119179406568,0.0],[109.345166424690873,-0.026998182819862,0.0],[109.345106313105916,-0.026876777041631,0.0],[109.345046837341698,-0.026755055601327,0.0],[109.344987875989801,-0.026633079652874,0.0],[109.344929333721794,-0.026510897759649,0.0],[109.344871150283467,-0.026388544995284,0.0],[109.344813222252469,-0.026266069023786,0.0],[109.344755610782912,-0.02614343926828,0.0],[109.344717383300676,-0.026062399560003,0.0],[109.344697806858335,-0.026020904840876,0.0],[109.344639672882664,-0.025898525996129,0.0],[109.344581397713441,-0.02577621639919,0.0],[109.344522535286856,-0.025654191887361,0.0],[109.344462746558577,-0.025532626029803,0.0],[109.344401589062173,-0.025411750851581,0.0],[109.344338923402674,-0.025291664378726,0.0],[109.344274595796051,-0.025172471832049,0.0],[109.344208511813406,-0.0250542559491,0.0],[109.344203793969967,-0.025046066722559,0.0],[109.344140444825726,-0.024937185802456,0.0],[109.344070321987871,-0.0248213540222,0.0],[109.34399809383703,-0.024706843346148,0.0],[109.343923640763464,-0.024593779679185,0.0],[109.343847383649944,-0.024481950781399,0.0],[109.343770586043803,-0.024374658063933,0.0],[109.34376860843453,-0.024371903440559,0.0],[109.343687571424368,-0.024263529738014,0.0],[109.343604369745933,-0.024156829673941,0.0],[109.343519028580417,-0.024051855408749,0.0],[109.343431762865677,-0.023948498124595,0.0],[109.343342742573554,-0.023846666990049,0.0],[109.343252107998509,-0.023746291857843,0.0],[109.343159987743348,-0.023647297185028,0.0],[109.343066477136276,-0.023549631710032,0.0],[109.342971586969171,-0.023453324211522,0.0],[109.342875262383529,-0.023358470916704,0.0],[109.342777391863223,-0.023265236401484,0.0],[109.342677798241866,-0.02317386887887,0.0],[109.342576217118804,-0.023084753258742,0.0],[109.342472252792319,-0.022998474100258,0.0],[109.342365381856936,-0.022915883061539,0.0],[109.342255346207267,-0.022837621359087,0.0],[109.342142527155929,-0.022763471357037,0.0],[109.342027679234093,-0.022692524740189,0.0],[109.341912357369409,-0.022622365030059,0.0],[109.341797880867531,-0.022550823061976,0.0],[109.341685284848083,-0.022476323223677,0.0],[109.341574571109646,-0.022399014802679,0.0],[109.34146521894472,-0.022319761148018,0.0],[109.341356799376825,-0.022239215167555,0.0],[109.341248817778762,-0.022158072936665,0.0],[109.341140707577694,-0.022077105174214,0.0],[109.341031115293831,-0.021998199557241,0.0],[109.340915717886105,-0.021928488608849,0.0],[109.340806461049382,-0.021975569017221,0.0],[109.340722690100094,-0.022081814024413,0.0],[109.340636752684063,-0.02218629276314,0.0],[109.340548298964862,-0.02228861312892,0.0],[109.340446062236012,-0.022374462411448,0.0],[109.340330696304619,-0.022309204006457,0.0],[109.340221831572279,-0.022229268665799,0.0],[109.340113304085818,-0.022148870174201,0.0],[109.340004923188673,-0.022068272033063,0.0],[109.33989665110964,-0.021987523705216,0.0],[109.339788497741068,-0.021906614398673,0.0],[109.339680490961896,-0.021825508140607,0.0],[109.339572680235065,-0.021744138381233,0.0],[109.339465181572919,-0.021662348638432,0.0],[109.339358290852459,-0.021579759398363,0.0],[109.339253322882584,-0.021494729398166,0.0],[109.339190041187507,-0.021386324219466,0.0],[109.339258187315622,-0.021270090442285,0.0],[109.339342812620785,-0.021164543309029,0.0],[109.339427242773084,-0.021058837895007,0.0],[109.339494058803837,-0.020942167946638,0.0],[109.339430620626715,-0.020832095424786,0.0],[109.339313914705528,-0.020764717317781,0.0],[109.33918491864911,-0.02073291189433,0.0],[109.339083839347737,-0.020818423931071,0.0],[109.338963543332895,-0.020856184665166,0.0],[109.338845432670666,-0.020791807595802,0.0],[109.338736049928784,-0.020712623188948,0.0],[109.338629009920908,-0.0206302273031,0.0],[109.338522700162571,-0.020546880833819,0.0],[109.338416624227875,-0.020463232192383,0.0],[109.338310638225408,-0.020379466639045,0.0],[109.338204683699274,-0.020295660616212,0.0],[109.338098782233104,-0.020211788942872,0.0],[109.337992941920774,-0.020127837229824,0.0],[109.337887169957042,-0.020043798282645,0.0],[109.3377815238983,-0.01995959925605,0.0],[109.337675932698161,-0.019875329182997,0.0],[109.337570460208582,-0.019790910721887,0.0],[109.337465062362838,-0.019706396033306,0.0],[109.337359763442407,-0.019621758137592,0.0],[109.337254543662326,-0.019537020417107,0.0],[109.337149427304297,-0.019452151395607,0.0],[109.337044358610385,-0.01936722301892,0.0],[109.336939431109911,-0.019282118375055,0.0],[109.336834505408191,-0.019197011932539,0.0],[109.336729728993888,-0.019111719330314,0.0],[109.336624970565992,-0.019026403345815,0.0],[109.336520232822537,-0.018941062180214,0.0],[109.336415537347236,-0.018855668853937,0.0],[109.33631083917399,-0.018770276427029,0.0],[109.33629651297376,-0.018758596032334,0.0],[109.336206114020996,-0.018684920872405,0.0],[109.336101369083025,-0.018599586901316,0.0],[109.335996625044245,-0.018514254729054,0.0],[109.33589177578493,-0.018429052059068,0.0],[109.335786888753958,-0.018343896153808,0.0],[109.335682002622363,-0.018258740248636,0.0],[109.335576950116192,-0.018173793885448,0.0],[109.335471837355485,-0.018088920367368,0.0],[109.335366726393417,-0.018004046849198,0.0],[109.335261421177748,-0.017919416148085,0.0],[109.335156001748118,-0.017834928439167,0.0],[109.335050585016518,-0.017750439830879,0.0],[109.334945000111688,-0.017666164361965,0.0],[109.334839197571014,-0.017582163186261,0.0],[109.334733396828881,-0.017498162010468,0.0],[109.334627513349119,-0.017414266055485,0.0],[109.334521250355436,-0.017330859331646,0.0],[109.334414987361825,-0.017247450809157,0.0],[109.334308722569574,-0.017164044984688,0.0],[109.334202008116208,-0.017081222820095,0.0],[109.334095226213776,-0.01699848878918,0.0],[109.333988444311345,-0.016915755657545,0.0],[109.333881404303469,-0.016833360670978,0.0],[109.333774146659636,-0.016751252568173,0.0],[109.333666889915079,-0.016669146264106,0.0],[109.333559536943142,-0.016587164965645,0.0],[109.333451951046783,-0.016505689985549,0.0],[109.333344176292769,-0.016424073811907,0.0],[109.333236497766222,-0.016342527785354,0.0],[109.333128449618286,-0.016261477285265,0.0],[109.333020388879888,-0.016180444771677,0.0],[109.332912327242198,-0.016099413157369,0.0],[109.332803985915277,-0.016018756560323,0.0],[109.332695572642692,-0.015938205183999,0.0],[109.332587157571282,-0.015857652908305,0.0],[109.332478496985146,-0.015777438777678,0.0],[109.33236974556732,-0.015697345156254,0.0],[109.332260995948232,-0.015617250635549,0.0],[109.332151969338014,-0.015537541923918,0.0],[109.332042889667648,-0.015457904258833,0.0],[109.331933758736071,-0.015378337640118,0.0],[109.33188356757266,-0.015342021217271,0.0],[109.331824345417303,-0.015299166723095,0.0],[109.331714931199173,-0.015219996705443,0.0],[109.33160526427163,-0.015141180121339,0.0],[109.331495492123381,-0.015062511925381,0.0],[109.331385525721529,-0.014984119821196,0.0],[109.331275378555915,-0.014905986721916,0.0],[109.331165003861912,-0.014828181874995,0.0],[109.331054468189208,-0.014750602758087,0.0],[109.330943580881595,-0.014673538952617,0.0],[109.330832487629223,-0.01459677462137,0.0],[109.330721114687776,-0.014520422179756,0.0],[109.330609419788942,-0.014444549975947,0.0],[109.330497428113887,-0.014369119339366,0.0],[109.330385303339185,-0.014293891050168,0.0],[109.330314767712423,-0.014246762977701,0.0],[109.330272995102689,-0.0142189397522,0.0],[109.330154567879021,-0.014155864901169,0.0],[109.330028865140136,-0.014192263162374,0.0],[109.329942421405661,-0.014295689694246,0.0],[109.32986496009984,-0.014406666034719,0.0],[109.329770657190096,-0.014502582328204,0.0],[109.329641099057511,-0.014505530305977,0.0],[109.329520607889805,-0.014445362963136,0.0],[109.329407218668237,-0.014372132068188,0.0],[109.329296626338277,-0.014294651876681,0.0],[109.329187542171425,-0.01421502860062,0.0],[109.329079470641119,-0.014134014073444,0.0],[109.328972174326438,-0.014051959929964,0.0],[109.328865540812075,-0.013969034343389,0.0],[109.328759547615093,-0.013885279581951,0.0],[109.328654267580447,-0.013800621901086,0.0],[109.328549965108905,-0.013714744739615,0.0],[109.328448238295621,-0.013625806285858,0.0],[109.328361041828686,-0.013523377102145,0.0],[109.328360726166608,-0.013391894420336,0.0],[109.328416779111109,-0.013268659421064,0.0],[109.328480656157438,-0.013149223158051,0.0],[109.328544867751518,-0.013029970356817,0.0],[109.328553218856044,-0.012906347749733,0.0],[109.328519746089441,-0.012871269693273,0.0],[109.328459935777445,-0.012808589644655,0.0],[109.328361091291427,-0.012716407336291,0.0],[109.328260818681926,-0.01262579434487,0.0],[109.328159842802535,-0.012535976354136,0.0],[109.328058275169298,-0.012446839150207,0.0],[109.327956205714358,-0.012358282009031,0.0],[109.327853637135746,-0.012270312125209,0.0],[109.327750522668566,-0.012182990652401,0.0],[109.327646782273263,-0.012096424610244,0.0],[109.327588007080905,-0.012048244331011,0.0],[109.327542278353533,-0.012010799258902,0.0],[109.327436839138926,-0.011926336730997,0.0],[109.327330399878136,-0.011843159334293,0.0],[109.32722292909493,-0.01176133991381,0.0],[109.327114405205677,-0.011680941422212,0.0],[109.327004826411638,-0.011602006127645,0.0],[109.326894041626744,-0.011524793934028,0.0],[109.326782212728958,-0.01144912137985,0.0],[109.326669445838291,-0.01137487515033,0.0],[109.3265779047466,-0.011315783396617,0.0],[109.326556007154068,-0.011301672134414,0.0],[109.326442313062415,-0.011228871115423,0.0],[109.326328872579538,-0.011155667200227,0.0],[109.326216253177648,-0.011081196140242,0.0],[109.326104337045635,-0.011005652189058,0.0],[109.325991992836236,-0.010930758447627,0.0],[109.325890771442033,-0.010868825735691,0.0],[109.325876879614341,-0.010860326243025,0.0],[109.325750795562882,-0.010817130905852,0.0],[109.325650020232317,-0.010899508805287,0.0],[109.325575378301181,-0.011012431278614,0.0],[109.325478818992366,-0.011104452608371,0.0],[109.325349286040804,-0.011086719776279,0.0],[109.325235218730455,-0.011014822575908,0.0],[109.325129078044611,-0.010931289947094,0.0],[109.325026371869669,-0.010843487337023,0.0],[109.324924692720487,-0.010754477836808,0.0],[109.324822811223825,-0.010665703959048,0.0],[109.324720098753644,-0.010577904946365,0.0],[109.324671633389215,-0.010537287066106,0.0],[109.324616477968178,-0.010491196811205,0.0],[109.324511754613837,-0.010405838558561,0.0],[109.324406351372062,-0.010321333762511,0.0],[109.324300468791662,-0.010237437807439,0.0],[109.324194258858014,-0.010153962735162,0.0],[109.324087834885717,-0.010070763754657,0.0],[109.323981290404305,-0.009987723954199,0.0],[109.323874692862844,-0.009904748904968,0.0],[109.323768103415347,-0.009821766661136,0.0],[109.323661559833127,-0.009738720565447,0.0],[109.323555098988635,-0.009655571947056,0.0],[109.323448747861534,-0.00957227763845,0.0],[109.323342537028509,-0.009488802566085,0.0],[109.323236501563386,-0.009405103562623,0.0],[109.323130688230719,-0.009321122171982,0.0],[109.323129136000901,-0.009319885604245,0.0],[109.32302516627847,-0.009236764864709,0.0],[109.322919976176067,-0.009151991171399,0.0],[109.322815178178061,-0.009066728246856,0.0],[109.322710764190461,-0.008980986882981,0.0],[109.322606698240563,-0.008894817441798,0.0],[109.322502920973079,-0.008808297264997,0.0],[109.322399355945592,-0.008721518083557,0.0],[109.322295912326581,-0.008634594111181,0.0],[109.322192463311538,-0.008547674635475,0.0],[109.322088889290896,-0.008460908044408,0.0],[109.321985162385332,-0.00837432671377,0.0],[109.321881395010465,-0.008287794845787,0.0],[109.321777731956857,-0.00820113437481,0.0],[109.321687651364101,-0.008125322425648,0.0],[109.321674378270004,-0.008114100685133,0.0],[109.32157150661979,-0.008026491429372,0.0],[109.321469277984889,-0.007938123145837,0.0],[109.321367847947897,-0.007848826761949,0.0],[109.321267362199109,-0.007758455688125,0.0],[109.321167814443115,-0.007667037803485,0.0],[109.321069106654065,-0.007574700811744,0.0],[109.320971207355441,-0.007481495974207,0.0],[109.320874070681896,-0.007387486243451,0.0],[109.320777713720545,-0.007292668022177,0.0],[109.320681959305048,-0.007197231067304,0.0],[109.320643638293348,-0.007158730191217,0.0],[109.320586642859283,-0.007101349847363,0.0],[109.320491619592602,-0.007005175448429,0.0],[109.320396751009312,-0.006908843668188,0.0],[109.320301875231408,-0.006812522679758,0.0],[109.320206689187472,-0.006716511058083,0.0],[109.320110697350856,-0.006621318718827,0.0],[109.320012566926536,-0.006528371087458,0.0],[109.319910724100723,-0.006439574726527,0.0],[109.31980543867013,-0.006354931434862,0.0],[109.319698436433811,-0.00627249238159,0.0],[109.319590619411571,-0.006191131615376,0.0],[109.319482201642401,-0.006110585635002,0.0],[109.319373277554789,-0.006030734830545,0.0],[109.319263850746196,-0.005951582799215,0.0],[109.319160663433905,-0.005877910337218,0.0],[109.319153932907724,-0.005873125943892,0.0],[109.319043407127637,-0.005795536035083,0.0],[109.318932250922771,-0.005718867931395,0.0],[109.318820228670674,-0.00564348765675,0.0],[109.318706674873198,-0.005570476196495,0.0],[109.318588608277679,-0.005505358085769,0.0],[109.318457030267766,-0.005481755378603,0.0],[109.31832833098774,-0.005443534191765,0.0],[109.318208660901092,-0.00538132538779,0.0],[109.318092734692016,-0.005312205293964,0.0],[109.317978608026394,-0.005240096753048,0.0],[109.31786561630517,-0.005166197661846,0.0],[109.317753333249783,-0.005091211290334,0.0],[109.317642409969352,-0.005014215833301,0.0],[109.317540907087249,-0.004925566961236,0.0],[109.317484355018976,-0.004803377873499,0.0],[109.31742090155339,-0.004684519874678,0.0],[109.317325770368058,-0.004588804130015,0.0],[109.317218450671021,-0.004506898374592,0.0],[109.317106101065747,-0.004432053196626,0.0],[109.317025508320654,-0.004382719087206,0.0],[109.31699094107914,-0.004361633582486,0.0],[109.316873971656548,-0.004294298642906,0.0],[109.316755709008788,-0.004229291148852,0.0],[109.316636452610254,-0.004166154244525,0.0],[109.316516387721194,-0.004104593851919,0.0],[109.31639563934732,-0.004044406723927,0.0],[109.316274298320224,-0.003985433680767,0.0],[109.316197828067345,-0.003949438315856,0.0],[109.316152238734944,-0.003927976894505,0.0],[109.316029597288164,-0.003871798045021,0.0],[109.315906577226826,-0.003816462759512,0.0],[109.315783162363076,-0.003762021400091,0.0],[109.31565938687126,-0.003708416410222,0.0],[109.315535451300121,-0.003655189135634,0.0],[109.315411347555695,-0.00360235936139,0.0],[109.315287117006903,-0.0035498317593,0.0],[109.315162864874324,-0.003497355418605,0.0],[109.315038604647953,-0.003444897963603,0.0],[109.314914462232665,-0.003392161718898,0.0],[109.3147904798968,-0.003339040564223,0.0],[109.314666714297431,-0.003285413990642,0.0],[109.314543262561585,-0.00323105896616,0.0],[109.31442018044703,-0.003175861276896,0.0],[109.314297310572499,-0.003120181551089,0.0],[109.314174580992216,-0.003064195156368,0.0],[109.31405187389494,-0.003008156601061,0.0],[109.314034825446953,-0.003000404445077,0.0],[109.313929041791866,-0.002952395036984,0.0],[109.313805919207923,-0.00289728997789,0.0],[109.313682331674286,-0.002843252414133,0.0],[109.313558139796356,-0.002790637577823,0.0],[109.313433315694979,-0.002739562380863,0.0],[109.313307952899819,-0.002689841562911,0.0],[109.31318215932923,-0.002641232307002,0.0],[109.313056038405577,-0.002593491796168,0.0],[109.312929680060719,-0.002546387105975,0.0],[109.3128708922779,-0.002524681968466,0.0],[109.312803173327808,-0.002499690708116,0.0],[109.312676596447815,-0.002453185865739,0.0],[109.312550023165116,-0.002406669332269,0.0],[109.312423511036243,-0.002359987323522,0.0],[109.312296995310177,-0.002313316106586,0.0],[109.31217040224233,-0.002266858928393,0.0],[109.312043660786415,-0.002220809142986,0.0],[109.311916710687711,-0.002175350212233,0.0],[109.311789496188339,-0.002130647611234,0.0],[109.311699885041747,-0.002099772986066,0.0],[109.311662013691063,-0.002086723823161,0.0],[109.311534031170666,-0.002044301003681,0.0],[109.311405697914637,-0.002002964565142,0.0],[109.31127687722622,-0.001963197443547,0.0],[109.31126751168641,-0.00196040235059,0.0],[109.311147570004394,-0.00192505809489,0.0],[109.311017829309407,-0.001888452989632,0.0],[109.310887665033789,-0.001853406409505,0.0],[109.310819778809758,-0.0018360072259,0.0],[109.310757090667266,-0.001819940837591,0.0],[109.3106261188004,-0.001788086850676,0.0],[109.31049476382239,-0.001757875925182,0.0],[109.310363038323615,-0.00172933504077,0.0],[109.310230898237464,-0.001702805040351,0.0],[109.310211777751462,-0.001699223040677,0.0],[109.310098429898673,-0.001677995443042,0.0],[109.30996569985723,-0.001654651740781,0.0],[109.309904518978456,-0.001644459723951,0.0],[109.309832766569031,-0.001632505935325,0.0],[109.309699684892593,-0.00161128463301,0.0],[109.309566500693549,-0.001590710842605,0.0],[109.309433264333734,-0.001570500378281,0.0],[109.309300018081473,-0.001550342973913,0.0],[109.309166822191159,-0.001529844726547,0.0],[109.309033727924259,-0.00150869357132,0.0],[109.308900783844166,-0.001486618812321,0.0],[109.308768001642036,-0.001463564691753,0.0],[109.30869660266616,-0.001450662118343,0.0],[109.308635382217176,-0.001439597759225,0.0],[109.308502906683884,-0.00141482233609,0.0],[109.308370560652946,-0.001389350837846,0.0],[109.308238326137868,-0.00136330467271,0.0],[109.308106178857116,-0.001336809745925,0.0],[109.307974097226861,-0.001309994660484,0.0],[109.307842050670146,-0.001282988019471,0.0],[109.307710017603355,-0.001255927419133,0.0],[109.307577985435756,-0.001228862322036,0.0],[109.307445946972919,-0.00120182510406,0.0],[109.307313895919634,-0.001174849040011,0.0],[109.307181825081187,-0.001147972800644,0.0],[109.307049722766592,-0.001121250345373,0.0],[109.306917577284395,-0.001094749123356,0.0],[109.306785369749065,-0.001068566261256,0.0],[109.306653051597081,-0.001042952670096,0.0],[109.306520540090872,-0.001018378695153,0.0],[109.306387692238232,-0.000995742759271,0.0],[109.306254231947335,-0.000977177154929,0.0],[109.306119868736999,-0.000967993278247,0.0],[109.305986010945745,-0.000981137769254,0.0],[109.305979490860821,-0.000982742159741,0.0],[109.305855138004276,-0.001013327203217,0.0],[109.305813120778936,-0.001020753804684,0.0],[109.305722452928904,-0.001036614248309,0.0],[109.305588403581993,-0.001050177823372,0.0],[109.305453951338876,-0.001059001071993,0.0],[109.305319357902036,-0.001065320607998,0.0],[109.305184703311454,-0.001070179644993,0.0],[109.305132700014141,-0.001071752559325,0.0],[109.305050021741195,-0.00107423738607,0.0],[109.304915326681026,-0.001077841868826,0.0],[109.304780627124359,-0.001081198138755,0.0],[109.304645923970313,-0.001084452785263,0.0],[109.304511221715629,-0.001087734411345,0.0],[109.304376523058153,-0.001091173418824,0.0],[109.304241833393931,-0.001094944276228,0.0],[109.304107159018287,-0.00109923044507,0.0],[109.303972508024899,-0.001104195602155,0.0],[109.303837891205788,-0.001110006121865,0.0],[109.303703321151403,-0.001116846365348,0.0],[109.303568834734023,-0.001125181282016,0.0],[109.303434448141317,-0.001135001878796,0.0],[109.303300217131365,-0.001146776702312,0.0],[109.303166230737034,-0.001161087614057,0.0],[109.303032638245739,-0.001178714326147,0.0],[109.302899531388292,-0.001199745871541,0.0],[109.302766954231672,-0.001223937634534,0.0],[109.302634969728075,-0.001251223964707,0.0],[109.302503433087026,-0.001280624601121,0.0],[109.302372238188255,-0.001311538796414,0.0],[109.302241294200428,-0.001343510594512,0.0],[109.302188442842379,-0.001356674870581,0.0],[109.302110523781764,-0.001376206346751,0.0],[109.301979870274906,-0.001409359854068,0.0],[109.301849273425304,-0.001442748084293,0.0],[109.301718682870927,-0.00147616419355,0.0],[109.301588051847148,-0.001509411230319,0.0],[109.30145733808574,-0.001542330913742,0.0],[109.301326510110442,-0.001574784748473,0.0],[109.301195536444922,-0.001606636936649,0.0],[109.301064383814307,-0.001637738191021,0.0],[109.300933023440351,-0.001667932029384,0.0],[109.300801414853481,-0.001697011607773,0.0],[109.30066952118149,-0.001724744901035,0.0],[109.300537342424491,-0.001751071654612,0.0],[109.300404892971486,-0.001775981975885,0.0],[109.300272189909691,-0.0017994803617,0.0],[109.300139246728875,-0.00182156411386,0.0],[109.300127980022282,-0.001823354664057,0.0],[109.300006072422363,-0.001842176575198,0.0],[109.299872651701577,-0.001861130686545,0.0],[109.299739025935395,-0.001878531668889,0.0],[109.299605169043417,-0.001894027887064,0.0],[109.299470997388653,-0.001906434934009,0.0],[109.299336561333305,-0.001915455134152,0.0],[109.299201930125079,-0.00192078991246,0.0],[109.299067198192716,-0.001921572322685,0.0],[109.298932497736672,-0.001918563191075,0.0],[109.298797907897224,-0.001912258943551,0.0],[109.298663462848623,-0.001903333172229,0.0],[109.298529164389507,-0.001892370436532,0.0],[109.298394999929343,-0.001879851873634,0.0],[109.29826094518657,-0.001866171386669,0.0],[109.298126977677938,-0.001851656328802,0.0],[109.297993071323219,-0.001836582791983,0.0],[109.297859207236641,-0.001821132439253,0.0],[109.297725388116234,-0.001805280988878,0.0],[109.297591630149668,-0.001788930414739,0.0],[109.297457947726144,-0.001771959308441,0.0],[109.297324359731519,-0.001754243563392,0.0],[109.297190893145284,-0.001735640187575,0.0],[109.297057575846495,-0.001715978309671,0.0],[109.29692444920407,-0.001695048387698,0.0],[109.296791580667005,-0.001672500585406,0.0],[109.296659068261519,-0.001647942798313,0.0],[109.296653264037033,-0.001646836632132,0.0],[109.296526795974884,-0.001622092685419,0.0],[109.296394844746359,-0.001594634584648,0.0],[109.296263130938854,-0.001566042438841,0.0],[109.296131575411934,-0.001536721842135,0.0],[109.296000088233541,-0.001507090080113,0.0],[109.295868582169462,-0.001477542854292,0.0],[109.295736978079177,-0.001448441692189,0.0],[109.295605237291909,-0.001419979048747,0.0],[109.295473399377997,-0.001391973260925,0.0],[109.295341513799897,-0.001364188706268,0.0],[109.295209626423144,-0.001336425735412,0.0],[109.295077767824793,-0.00130851077911,0.0],[109.294945974876853,-0.001280295449216,0.0],[109.294814287149649,-0.001251577398345,0.0],[109.294682767595731,-0.001222095823031,0.0],[109.294551432402699,-0.001191791368085,0.0],[109.294420313946333,-0.001160553416748,0.0],[109.294289424817208,-0.001128354989535,0.0],[109.294158757820512,-0.001095255441632,0.0],[109.294028318352304,-0.001061252974391,0.0],[109.293898068641028,-0.001026522955619,0.0],[109.293767970015907,-0.000991221867344,0.0],[109.293637999993791,-0.000955443239106,0.0],[109.293508133393644,-0.000919288694148,0.0],[109.293378333343469,-0.000882891332313,0.0],[109.293248562970888,-0.000846387850475,0.0],[109.293118812383369,-0.000809814221461,0.0],[109.292989120251761,-0.000773030151182,0.0],[109.292859544132767,-0.000735829694778,0.0],[109.292730147878075,-0.000698004209456,0.0],[109.29260100703091,-0.000659304583197,0.0],[109.292472160262008,-0.00061962469591,0.0],[109.292343611168775,-0.000578980735358,0.0],[109.292215336368741,-0.000537465331709,0.0],[109.29208728370125,-0.000495256550795,0.0],[109.291963292372046,-0.000443720001633,0.0],[109.291845867892576,-0.000377193552572,0.0],[109.291734505742937,-0.000301539884087,0.0],[109.291637993198847,-0.000207013942524,0.0],[109.291544899877266,-0.000109083167657,0.0],[109.291447377394647,-0.000016561814855,0.0],[109.291417332843707,0.000007138918343,0.0],[109.291461742265625,0.000007138918343,0.0],[109.291419403083069,0.000025719811167,0.0],[109.29125590633511,0.000100663015254,0.0],[109.291092836765074,0.000176566695218,0.0],[109.290928811215764,0.000250165412827,0.0],[109.29076070274435,0.000313958822138,0.0],[109.290592674312464,0.000377963572171,0.0],[109.29042513870921,0.00044321118535,0.0],[109.290260166173752,0.000514820602502,0.0],[109.29010948566426,0.000611165872663,0.0],[109.289964923242678,0.000718417221177,0.0],[109.289812804717172,0.000814642881506,0.0],[109.289658799414084,0.000907693934946,0.0],[109.289502739160113,0.000997293390445,0.0],[109.289344286709579,0.001082449295706,0.0],[109.289184537436569,0.001165196816452,0.0],[109.289018866127805,0.001234558827876,0.0],[109.288850903346614,0.001298737147068,0.0],[109.288674921310644,0.001333702788206,0.0],[109.288497326790221,0.001358578935304,0.0],[109.288317792432267,0.00136517456317,0.0],[109.288138202316247,0.001369645992441,0.0],[109.287958599609752,0.001372738760972,0.0],[109.287784704900275,0.001418166215481,0.0],[109.287610811090175,0.001463593669901,0.0],[109.287446949217397,0.001537604277055,0.0],[109.287283787916564,0.001613222871996,0.0],[109.287125903837506,0.001699520016893,0.0]],[[109.298196622975823,0.004841120821106,0.0],[109.298113423995403,0.004881554340306,0.0],[109.298023525065673,0.004921995054105,0.0],[109.297921193008719,0.004972059413075,0.0],[109.29782461121691,0.005020195625513,0.0],[109.297727058157236,0.005073153103561,0.0],[109.29762760033357,0.005127069258923,0.0],[109.297559699720438,0.005149206970409,0.0],[109.297497538580643,0.005157879132864,0.0],[109.29740094779558,0.005166542302068,0.0],[109.29727183932394,0.005175204572081,0.0],[109.297141776671737,0.005178089597188,0.0],[109.297006936820807,0.005178089597188,0.0],[109.296874963109119,0.005174236901515,0.0],[109.296746805220991,0.005155950986422,0.0],[109.29662057098264,0.005132844705089,0.0],[109.296534498668208,0.005127065661623,0.0],[109.296443647356483,0.005128024338849,0.0],[109.296382437699407,0.005129950686731,0.0],[109.296304979990893,0.005130918357208,0.0],[109.296252376845771,0.005127064762253,0.0],[109.296210302063884,0.005117433922483,0.0],[109.296153872303378,0.005091444414693,0.0],[109.296114662761539,0.005067371362164,0.0],[109.296081192692967,0.005028855197595,0.0],[109.296070675121612,0.005010570181694,0.0],[109.296062068609572,0.004974939042232,0.0],[109.296069085120237,0.004939316896022,0.0],[109.296092988200911,0.00489022110681,0.0],[109.296105420428873,0.004837263628852,0.0],[109.296114987416786,0.004764094787199,0.0],[109.296120726890123,0.004675515162942,0.0],[109.296140804254776,0.004555167886708,0.0],[109.296165667811422,0.004469483180178,0.0],[109.296225925086404,0.004376093082301,0.0],[109.296319641638178,0.004277882618184,0.0],[109.296435358305175,0.004207597902359,0.0],[109.296554900688193,0.004150797621258,0.0],[109.296749045432122,0.004078588356202,0.0],[109.296923094825061,0.004012156335962,0.0],[109.297074203411768,0.003985198258325,0.0],[109.297221474591467,0.003951503359276,0.0],[109.297364929947591,0.003916840789573,0.0],[109.297526547112483,0.003867736007199,0.0],[109.297628879169537,0.003839820151616,0.0],[109.297756712402432,0.003811903396664,0.0],[109.297881986164811,0.003783976749181,0.0],[109.298015873633744,0.003765683639398,0.0],[109.298155502374584,0.003750282749413,0.0],[109.298271218142219,0.003747388731054,0.0],[109.29835920421398,0.003748357300901,0.0],[109.298425191969059,0.003764725861452,0.0],[109.298498832055529,0.003799379437816,0.0],[109.298568646425991,0.003840779728212,0.0],[109.298629846190536,0.003903368945399,0.0],[109.298670967691052,0.003967874617758,0.0],[109.298685313676344,0.004033338967433,0.0],[109.298690100767601,0.004111328175324,0.0],[109.298691053149597,0.004206644620994,0.0],[109.298689140291643,0.004309665558641,0.0],[109.298678620921734,0.004381867629186,0.0],[109.298653755566448,0.004447340972022,0.0],[109.298615508299136,0.004508961619274,0.0],[109.298543780171343,0.004600426268728,0.0],[109.298470139185582,0.004679374153846,0.0],[109.298388844969253,0.004740027130621,0.0],[109.298274089677491,0.00479491095646,0.0],[109.298196622975823,0.004841120821106,0.0]]]]}},
{"type":"Feature","properties":{"NAMOBJ":"Sungai Landak","JNSSNG":0,"KLSSNG":0,"FCODE":null,"REMARK":"Sungai","SRS_ID":null,"LCODE":"DA0280","METADATA":null,"NAMWS":null,"NAMDAS":null,"Shape_Leng":0.34295319004000002,"Shape_Area":0.00028744822},"geometry":{"type":"MultiPolygon","coordinates":[[[[109.37655825086263,-0.022008675759724,0.0],[109.376682344714453,-0.022061540607601,0.0],[109.376710821789104,-0.022073712473605,0.0],[109.376069206000068,-0.023096942999959,0.0],[109.377946876000081,-0.023786213999968,0.0],[109.378070354000087,-0.023833425999966,0.0],[109.379563098000048,-0.02440418099994,0.0],[109.381105022,-0.024700105999911,0.0],[109.381916127000054,-0.024855772,0.0],[109.383152062000093,-0.025102958999937,0.0],[109.382979335480783,-0.026119236262103,0.0],[109.38287959361837,-0.026071381089301,0.0],[109.38276135165512,-0.026006331327102,0.0],[109.382640187794493,-0.025947145144569,0.0],[109.382511404877533,-0.025907887938639,0.0],[109.382378896069255,-0.025883367923021,0.0],[109.382245711870112,-0.025862786038735,0.0],[109.382133305607596,-0.02584610541341,0.0],[109.382112405363301,-0.025843008148299,0.0],[109.381979053890333,-0.025823527933435,0.0],[109.381845670941019,-0.025804279743638,0.0],[109.381712252918177,-0.025785268974945,0.0],[109.381578798023128,-0.025766522606843,0.0],[109.381445301759399,-0.025748085605673,0.0],[109.38131175423409,-0.025730021823025,0.0],[109.381178144655749,-0.025712424788529,0.0],[109.381044474822687,-0.025695314287335,0.0],[109.380910757325609,-0.025678586897284,0.0],[109.380777011050313,-0.025662072646429,0.0],[109.380643277365479,-0.025645482852712,0.0],[109.380596056662753,-0.025639480777342,0.0],[109.380509591344648,-0.025628490162702,0.0],[109.38037603932284,-0.02561046864811,0.0],[109.380242641984424,-0.025591319383802,0.0],[109.380109394832715,-0.02557113320121,0.0],[109.379976216928895,-0.025550490162998,0.0],[109.379843039025076,-0.025529848923347,0.0],[109.379709788276159,-0.025509695116279,0.0],[109.379576464682131,-0.025490029641076,0.0],[109.379443116806456,-0.025470532339169,0.0],[109.379393113601409,-0.02546317228749,0.0],[109.379309795910345,-0.025450844380972,0.0],[109.379176557751975,-0.025430607836266,0.0],[109.379043485968168,-0.025409284910529,0.0],[109.378910704665415,-0.025386214602021,0.0],[109.37877842968085,-0.025360370784447,0.0],[109.378647038729923,-0.025330312743679,0.0],[109.37851673236139,-0.025295817447993,0.0],[109.37838754205147,-0.025257283296923,0.0],[109.378259402149752,-0.025215343413356,0.0],[109.378131967316492,-0.025171264941906,0.0],[109.378005102653447,-0.025125553301655,0.0],[109.37787857973278,-0.025078890178601,0.0],[109.37775229243438,-0.025031583141024,0.0],[109.377626157121526,-0.024983862415253,0.0],[109.377500111740815,-0.024935905167836,0.0],[109.377374195862458,-0.02488760617805,0.0],[109.377248467043202,-0.024838809863151,0.0],[109.377122997228568,-0.024789349848578,0.0],[109.376997899733368,-0.02473893655264,0.0],[109.37687331035508,-0.024687273199045,0.0],[109.376749356797447,-0.024634081897282,0.0],[109.376626176656771,-0.02457909644811,0.0],[109.376503910227356,-0.024522082128356,0.0],[109.376382346168356,-0.024463564142166,0.0],[109.376261441312536,-0.024403682783716,0.0],[109.376140925863098,-0.024343001927909,0.0],[109.376020611861847,-0.024281919974547,0.0],[109.375900343725945,-0.024220746290385,0.0],[109.375779986557191,-0.024159751571242,0.0],[109.375659442329436,-0.024099132768731,0.0],[109.37553862740576,-0.024039061653272,0.0],[109.375417459048549,-0.02397971719015,0.0],[109.375295859916008,-0.023921272048979,0.0],[109.375173771552411,-0.023863869222132,0.0],[109.375051240722215,-0.023807432267111,0.0],[109.374928369948307,-0.023751748944003,0.0],[109.374805285135835,-0.023696543160859,0.0],[109.374682092404711,-0.023641587389281,0.0],[109.374558896975557,-0.023586631617703,0.0],[109.374435817559032,-0.023531416841396,0.0],[109.374312968368926,-0.023475685854193,0.0],[109.374190364693618,-0.0234194053812,0.0],[109.374067867138407,-0.023362897379722,0.0],[109.373945350697426,-0.023306423552596,0.0],[109.37382263640562,-0.023250392191801,0.0],[109.373763497887182,-0.02322385139957,0.0],[109.373699565982264,-0.023195156731062,0.0],[109.373575963160235,-0.023141143448948,0.0],[109.373451784772129,-0.023088480049263,0.0],[109.373327142333807,-0.023036945298751,0.0],[109.373202079912147,-0.022986448365805,0.0],[109.373076744995828,-0.022936639414353,0.0],[109.372951163665348,-0.022887465384172,0.0],[109.372843306173692,-0.022845556077569,0.0],[109.372825459127725,-0.022838610613365,0.0],[109.37269958371887,-0.022790198308978,0.0],[109.372573439412761,-0.02274250995882,0.0],[109.372447036101917,-0.022695516784579,0.0],[109.372320341410642,-0.022649330302296,0.0],[109.372193298681864,-0.022604121383021,0.0],[109.372065862049951,-0.022560051005452,0.0],[109.371938071984488,-0.022517027438787,0.0],[109.371809945572608,-0.022475032696525,0.0],[109.371681489109534,-0.022434073073987,0.0],[109.371597138996862,-0.02240792888282,0.0],[109.371552695400595,-0.02239419803374,0.0],[109.371423628297904,-0.022355239402752,0.0],[109.3712943057876,-0.022317132429708,0.0],[109.371164785426586,-0.022279725129162,0.0],[109.371035129267895,-0.022242793570018,0.0],[109.370905402062732,-0.022206113821002,0.0],[109.370888876120787,-0.022201446339667,0.0],[109.370775665864329,-0.022169461951107,0.0],[109.370645979128753,-0.022132635612595,0.0],[109.370516391318489,-0.022095462135854,0.0],[109.370386942903124,-0.022057795830579,0.0],[109.37025764827186,-0.022019600723946,0.0],[109.370128475948533,-0.021980989231188,0.0],[109.369999391758626,-0.021942082760875,0.0],[109.369870356132083,-0.021903007217985,0.0],[109.369796255592775,-0.021880540354593,0.0],[109.369741333995464,-0.0218638876083,0.0],[109.369612282181166,-0.021824869621947,0.0],[109.369483136837317,-0.021786164599738,0.0],[109.369353817924406,-0.021748050432094,0.0],[109.369224290368791,-0.02171067101058,0.0],[109.36909444805039,-0.021674407647778,0.0],[109.368964243305271,-0.021639489670646,0.0],[109.368833535839087,-0.021606527718989,0.0],[109.368702269893944,-0.021575910299989,0.0],[109.368624307665712,-0.021559446411248,0.0],[109.368570396906392,-0.021548060994195,0.0],[109.368437889896768,-0.021523457341657,0.0],[109.36830475695902,-0.021502568788459,0.0],[109.368171131192838,-0.02148513722924,0.0],[109.368037229334703,-0.021469971961621,0.0],[109.367903296000321,-0.021455101671555,0.0],[109.367769539832494,-0.021438692641509,0.0],[109.367636003099094,-0.021420565007005,0.0],[109.367502675008481,-0.021400941799945,0.0],[109.367369503399885,-0.021380270882701,0.0],[109.367236415428309,-0.021359055875705,0.0],[109.367103338248555,-0.021337760828913,0.0],[109.366970217001992,-0.021316761659221,0.0],[109.366836996830031,-0.021296412699281,0.0],[109.366703655249495,-0.021276876726442,0.0],[109.366570257011801,-0.021257741851246,0.0],[109.366436891149618,-0.021238372253054,0.0],[109.36630365568918,-0.021218124017166,0.0],[109.366170597395282,-0.02119672015253,0.0],[109.366037617342187,-0.021174824358552,0.0],[109.36590456894082,-0.02115336113864,0.0],[109.365771255239324,-0.021133658791242,0.0],[109.365637472991111,-0.021117499772763,0.0],[109.365526768245829,-0.021107508304754,0.0],[109.365503271658753,-0.02110538680409,0.0],[109.365368858086384,-0.021095856688371,0.0],[109.36523438605812,-0.021087228592711,0.0],[109.365099816003735,-0.021080317302771,0.0],[109.364965126339513,-0.021076773973941,0.0],[109.364830424984191,-0.021079396397019,0.0],[109.364696127424367,-0.021090137000182,0.0],[109.364620664412172,-0.021100509780594,0.0],[109.364562629361899,-0.021108486767221,0.0],[109.364429303069926,-0.02112810457833,0.0],[109.364295072959266,-0.021139167138798,0.0],[109.364160468730702,-0.021134887265186,0.0],[109.364026609140794,-0.021119519650095,0.0],[109.363893242379248,-0.021100168038315,0.0],[109.363759764101843,-0.021081614125154,0.0],[109.363625722848894,-0.021067886873463,0.0],[109.36349121125042,-0.02106004478524,0.0],[109.363356512593029,-0.021056747870587,0.0],[109.363222093624728,-0.021064176270705,0.0],[109.363091518358928,-0.021097058182653,0.0],[109.363011788063574,-0.021118580757842,0.0],[109.362961417035791,-0.021132179406449,0.0],[109.362935197301582,-0.021135602226166,0.0],[109.36282792167124,-0.021149607368456,0.0],[109.362693271577243,-0.021148582141264,0.0],[109.362560320302535,-0.021127635132159,0.0],[109.362432282923621,-0.021085644886567,0.0],[109.362305492004879,-0.021039804643233,0.0],[109.362173615420105,-0.021013137046569,0.0],[109.362039271994931,-0.021002932439365,0.0],[109.361904669564922,-0.020996703734879,0.0],[109.361770021269564,-0.020991590189648,0.0],[109.361635357685643,-0.020986865151687,0.0],[109.361500692303238,-0.020982148207518,0.0],[109.361366043108504,-0.020977013977943,0.0],[109.361231393913783,-0.020971913922632,0.0],[109.361096670974661,-0.020969926420913,0.0],[109.360961955230067,-0.020972673849775,0.0],[109.360827273659808,-0.020976826019672,0.0],[109.360692592089464,-0.020980983585519,0.0],[109.36055810657146,-0.020989153926279,0.0],[109.360424444832361,-0.021006053986119,0.0],[109.360292614112865,-0.02103387091639,0.0],[109.360164242186087,-0.021074876404373,0.0],[109.36014545444921,-0.021083116892309,0.0],[109.360040762571202,-0.021129033577963,0.0],[109.359921703124186,-0.0211925221171,0.0],[109.359804418938793,-0.021259304872958,0.0],[109.3596874423217,-0.021326635315957,0.0],[109.359570169827492,-0.02139344325274,0.0],[109.359452314572692,-0.021459199882126,0.0],[109.359333088751114,-0.021522397040921,0.0],[109.359211691966138,-0.021581236085136,0.0],[109.359087564839257,-0.02163397682651,0.0],[109.358961014039636,-0.021680521239012,0.0],[109.358832530596899,-0.021721356755136,0.0],[109.358702209839166,-0.021755772011203,0.0],[109.358570139900095,-0.021782527741457,0.0],[109.35843670299154,-0.021801228244025,0.0],[109.358302473780242,-0.021812977886529,0.0],[109.358167915417042,-0.021819983605289,0.0],[109.358033222155512,-0.021823692409398,0.0],[109.357898485726565,-0.021825225753516,0.0],[109.35776374120374,-0.021825188881322,0.0],[109.357629003875516,-0.021823846193494,0.0],[109.357494288130994,-0.021821032214844,0.0],[109.357359625446435,-0.021816336854477,0.0],[109.357225071579904,-0.021809146774656,0.0],[109.357090872046186,-0.021797098557211,0.0],[109.356957615901322,-0.021777221741373,0.0],[109.356826123326982,-0.021747724877577,0.0],[109.35680260515619,-0.021741431421865,0.0],[109.356695902394094,-0.021712876148252,0.0],[109.356564836098329,-0.021681596828141,0.0],[109.356430729194869,-0.021672891390792,0.0],[109.356297616042198,-0.021693104553136,0.0],[109.356166671154995,-0.02172503498237,0.0],[109.35612144155138,-0.021737513075684,0.0],[109.356036719119373,-0.021760889153646,0.0],[109.355906866009065,-0.021797110248392,0.0],[109.355776285347403,-0.021830546142712,0.0],[109.355644665069264,-0.021859578057007,0.0],[109.355567778430256,-0.021875735276924,0.0],[109.355512762404118,-0.021887296961156,0.0],[109.3553812617359,-0.02191686667006,0.0],[109.355250782697482,-0.021950689272823,0.0],[109.355121747071024,-0.021989725245588,0.0],[109.354994160252403,-0.022033338767538,0.0],[109.354867395414047,-0.022079324701088,0.0],[109.35474100019708,-0.022126335861652,0.0],[109.354614542926825,-0.022173178849097,0.0],[109.354487714236697,-0.022218987616187,0.0],[109.35436018317597,-0.022262771109996,0.0],[109.354231750095266,-0.022303785591229,0.0],[109.354102236029391,-0.022341200086287,0.0],[109.353971754293042,-0.022375037977531,0.0],[109.353840471260781,-0.022405568162401,0.0],[109.353708636044786,-0.022433602728536,0.0],[109.353576478871403,-0.022460061682497,0.0],[109.353444124746588,-0.022485507999728,0.0],[109.353311729252908,-0.022510716896032,0.0],[109.353180219591522,-0.022540131921558,0.0],[109.353051987059644,-0.022581646425837,0.0],[109.352925556769051,-0.0226285622583,0.0],[109.352798184888371,-0.022672775628066,0.0],[109.352764748994048,-0.022682046739056,0.0],[109.352668308395778,-0.022708787180739,0.0],[109.352535858942773,-0.022733444792602,0.0],[109.352401913017943,-0.022747979635443,0.0],[109.352267424801909,-0.022756278579286,0.0],[109.352132810680729,-0.022762245581112,0.0],[109.351998293686378,-0.022770057991741,0.0],[109.351864168796425,-0.022782931786838,0.0],[109.35173068602235,-0.022801384975859,0.0],[109.351598027027364,-0.022825107292859,0.0],[109.351466202603191,-0.022853186825069,0.0],[109.351334956443196,-0.022883883384408,0.0],[109.351278568950832,-0.022897437067029,0.0],[109.3512038874495,-0.022915356058742,0.0],[109.351072476713512,-0.02294533405989,0.0],[109.350940172950729,-0.022970982724682,0.0],[109.350807006738009,-0.022991649145257,0.0],[109.350690102965913,-0.023006997874655,0.0],[109.350673392662998,-0.023009191321058,0.0],[109.350539669769972,-0.023025859355832,0.0],[109.350406005332943,-0.023042998635428,0.0],[109.350272498277221,-0.023061334912635,0.0],[109.350139123421883,-0.023080628068508,0.0],[109.350005840297342,-0.023100554347091,0.0],[109.349872600340319,-0.023120779200528,0.0],[109.349739340598148,-0.023140867357088,0.0],[109.349606007111589,-0.023160442000772,0.0],[109.349472562109071,-0.02317923963018,0.0],[109.349339016382501,-0.023197295318858,0.0],[109.349205359140072,-0.02321450114833,0.0],[109.349071626354515,-0.023231091841327,0.0],[109.348937834213771,-0.023247187907407,0.0],[109.348803983617032,-0.023262798339465,0.0],[109.348670077262327,-0.023277903352528,0.0],[109.34853611155242,-0.023292474168282,0.0],[109.348402073896594,-0.023306347110188,0.0],[109.348268048831514,-0.023320351353109,0.0],[109.348267146811452,-0.023320456573741,0.0],[109.348134219818476,-0.023336120065845,0.0],[109.348000689380399,-0.023354288169755,0.0],[109.34786742334299,-0.023374322366989,0.0],[109.347734290405256,-0.023395234302639,0.0],[109.347601229413243,-0.023416612086893,0.0],[109.347468196300284,-0.023438168836345,0.0],[109.347335154194056,-0.023459659036009,0.0],[109.347202053631932,-0.023480797600686,0.0],[109.347068831661318,-0.023501132171513,0.0],[109.346935430725594,-0.023520225677845,0.0],[109.346816663558215,-0.023535682325806,0.0],[109.346801792368865,-0.023537557412292,0.0],[109.346667891410092,-0.023552696599618,0.0],[109.346533764721499,-0.023565668420835,0.0],[109.346399469859691,-0.023576747169065,0.0],[109.346265065280576,-0.02358634293538,0.0],[109.346130581561127,-0.02359478037475,0.0],[109.345996040285144,-0.023602231257949,0.0],[109.345860184200177,-0.023591567097106,0.0],[109.345805625029669,-0.023467532600477,0.0],[109.345751066758439,-0.023343498103847,0.0],[109.345696505789178,-0.023219461808657,0.0],[109.345641886364021,-0.023095454291691,0.0],[109.345585497073088,-0.022972250768663,0.0],[109.345529108681447,-0.022849049943654,0.0],[109.345472720289891,-0.022725847319996,0.0],[109.345415591756165,-0.022602997230517,0.0],[109.345356527881492,-0.022481069845439,0.0],[109.345297464906182,-0.022359144259012,0.0],[109.345238401930771,-0.022237217773393,0.0],[109.345175828901446,-0.022117088133114,0.0],[109.345112748654543,-0.021997219296124,0.0],[109.345049665709553,-0.021877348660662,0.0],[109.344981116685219,-0.021760579786892,0.0],[109.344911995692115,-0.021644137367008,0.0],[109.344839549905416,-0.02152984972277,0.0],[109.344762697440572,-0.021418426419209,0.0],[109.344682197325554,-0.021309791913285,0.0],[109.344596143896993,-0.021205405804816,0.0],[109.344502628793336,-0.021107941778012,0.0],[109.344402789657096,-0.02101714802292,0.0],[109.344294779280716,-0.020936251306927,0.0],[109.344449704590275,-0.020945660014162,0.0],[109.344578438943856,-0.02098516723166,0.0],[109.344708294752095,-0.021021346957542,0.0],[109.34483922614946,-0.021053379010197,0.0],[109.344970722321008,-0.021082981993994,0.0],[109.345102360585571,-0.02111193476795,0.0],[109.345233846864588,-0.021141588113774,0.0],[109.34536511460837,-0.021172202834843,0.0],[109.345496290621355,-0.021203215056256,0.0],[109.345627555667207,-0.021233843267246,0.0],[109.345759172347968,-0.021262891369303,0.0],[109.345891878107764,-0.021286163125825,0.0],[109.346026272794262,-0.021294517827733,0.0],[109.346161017317172,-0.021295159943604,0.0],[109.34629575914208,-0.02129602958805,0.0],[109.346430500966889,-0.02129676073688,0.0],[109.346565244590437,-0.021297041325321,0.0],[109.346699989113262,-0.021296523315864,0.0],[109.346834726441571,-0.021295042132421,0.0],[109.346969445783387,-0.021292551909727,0.0],[109.347104145340055,-0.021289003184946,0.0],[109.347238808024613,-0.021284320415041,0.0],[109.347373428441031,-0.021278481116929,0.0],[109.347508002992001,-0.021271667853109,0.0],[109.347642541570139,-0.021264191788986,0.0],[109.347696741911165,-0.021261040564549,0.0],[109.347777062161782,-0.021256373083036,0.0],[109.347911572860895,-0.021248388002706,0.0],[109.348046070070183,-0.021240167299832,0.0],[109.348180543897101,-0.021231551794634,0.0],[109.348314979053086,-0.021222363421283,0.0],[109.3484493575519,-0.021212389040495,0.0],[109.348583630829992,-0.021201038696897,0.0],[109.348717699062604,-0.021187508396728,0.0],[109.348851400371913,-0.021170712658239,0.0],[109.34898451892046,-0.021149756655883,0.0],[109.349116883837169,-0.021124421854515,0.0],[109.349248618329113,-0.021095910647697,0.0],[109.349380024568504,-0.021065909264275,0.0],[109.349511428109977,-0.021035887196333,0.0],[109.349643022307745,-0.021006721283092,0.0],[109.349774966341656,-0.020979209223085,0.0],[109.349907192762757,-0.020953119890524,0.0],[109.35003974383919,-0.020928741068451,0.0],[109.350172569208823,-0.020905936060081,0.0],[109.350305676066185,-0.020884852354011,0.0],[109.350439098585611,-0.020865910833126,0.0],[109.350572756727416,-0.020848734681336,0.0],[109.350706590237024,-0.020832977659693,0.0],[109.350840486699113,-0.020817778217899,0.0],[109.350974343591176,-0.020802246926091,0.0],[109.351108054792931,-0.020785477267895,0.0],[109.351241417057807,-0.020766107669614,0.0],[109.351374403406055,-0.020744273929021,0.0],[109.351506993153322,-0.020720128031384,0.0],[109.351639213279199,-0.020693991934098,0.0],[109.351771130333447,-0.020666350371726,0.0],[109.351902915187409,-0.020638065794023,0.0],[109.352034795369562,-0.020610245266542,0.0],[109.352129552437006,-0.020591390979876,0.0],[109.352166981321176,-0.020583942794697,0.0],[109.352299615135152,-0.020560040613396,0.0],[109.352432634758372,-0.020538423609298,0.0],[109.352565782085236,-0.020517580921633,0.0],[109.352698793614493,-0.020495907260279,0.0],[109.352831528152521,-0.020472566255861,0.0],[109.352963749177761,-0.020446445447056,0.0],[109.35309551334737,-0.020418080829734,0.0],[109.353226871922686,-0.020387862709639,0.0],[109.353357915735288,-0.020356292009274,0.0],[109.353488750005809,-0.020323849865725,0.0],[109.353619429593053,-0.020290776398116,0.0],[109.353750057019525,-0.020257496985823,0.0],[109.353880687144027,-0.020224224768131,0.0],[109.354011323563753,-0.020190987623983,0.0],[109.354141978869251,-0.020157816130253,0.0],[109.354272332901886,-0.020123495303006,0.0],[109.354398077009733,-0.020075531760269,0.0],[109.354505234828792,-0.019994096350475,0.0],[109.354552935769405,-0.019940573198787,0.0],[109.354595188617125,-0.01989316543716,0.0],[109.354684544356289,-0.019791692232743,0.0],[109.354791085240393,-0.019709426748629,0.0],[109.354917077561154,-0.019662520808608,0.0],[109.355048583625319,-0.019633039233294,0.0],[109.355180929656257,-0.0196075659364,0.0],[109.355313584154672,-0.019583765378431,0.0],[109.355446375350041,-0.019560745431948,0.0],[109.355579236692506,-0.01953814007303,0.0],[109.355712143001128,-0.019515803611372,0.0],[109.35584507089338,-0.019493602947398,0.0],[109.35597801317482,-0.019471478725744,0.0],[109.356110959952943,-0.019449394973583,0.0],[109.356243909428912,-0.019427313020073,0.0],[109.35637684901242,-0.019405185201118,0.0],[109.356509781401343,-0.019383006120768,0.0],[109.356642700300426,-0.019360740705568,0.0],[109.356775596716531,-0.019338350284584,0.0],[109.356908477844044,-0.019315861837568,0.0],[109.357041340985162,-0.019293269069023,0.0],[109.357174168153364,-0.019270464060653,0.0],[109.357306967442611,-0.019247490878984,0.0],[109.357439731658317,-0.019224313551194,0.0],[109.35757245000859,-0.019200870923355,0.0],[109.35770509731249,-0.01917702270138,0.0],[109.357712594960319,-0.019175659329121,0.0],[109.357837642992877,-0.019152615101084,0.0],[109.357970046580434,-0.019127437681024,0.0],[109.358102343148715,-0.01910169188957,0.0],[109.35823469907217,-0.0190762509682,0.0],[109.358367325691546,-0.019052312813897,0.0],[109.358455880134883,-0.0190378130446,0.0],[109.358500321932326,-0.019030534831279,0.0],[109.358633603258212,-0.019010595962146,0.0],[109.358767083334271,-0.018992071726667,0.0],[109.358900692013421,-0.018974493577953,0.0],[109.35903438163146,-0.018957541357436,0.0],[109.359112817802355,-0.018947981564035,0.0],[109.359168151289211,-0.018941238447303,0.0],[109.359301956020502,-0.018925243105452,0.0],[109.359435790429487,-0.018909497775079,0.0],[109.359569668905166,-0.018894125663318,0.0],[109.359703567165994,-0.018878951402448,0.0],[109.359837486111175,-0.018863936321536,0.0],[109.359971438331243,-0.018849232406118,0.0],[109.360105403141958,-0.018834657992975,0.0],[109.360239386838273,-0.018820258048449,0.0],[109.360373399312991,-0.018806126101725,0.0],[109.360507430673493,-0.018792170422268,0.0],[109.360641481819059,-0.018778426083446,0.0],[109.360775573434026,-0.018765069352436,0.0],[109.360909695625949,-0.018752039974592,0.0],[109.361043854690166,-0.01873939101005,0.0],[109.361178055123247,-0.01872720159897,0.0],[109.36131230501897,-0.01871557696225,0.0],[109.361446611571964,-0.018704645702796,0.0],[109.361580985574108,-0.018694583188419,0.0],[109.361715429723347,-0.018685501834439,0.0],[109.361849926033258,-0.018677248755952,0.0],[109.361984450222295,-0.018669487606718,0.0],[109.362118975310523,-0.018661724658833,0.0],[109.362253438345618,-0.018652960765489,0.0],[109.362387746697181,-0.018642091559243,0.0],[109.362521686326872,-0.018627304006816,0.0],[109.362655246442557,-0.018609376921133,0.0],[109.362788620398604,-0.018590055886316,0.0],[109.36292216702445,-0.018572031673883,0.0],[109.362936282783238,-0.018570576570822,0.0],[109.36298056630018,-0.01856600891417,0.0],[109.363056201982161,-0.018558208194721,0.0],[109.363190671312509,-0.01854964574948,0.0],[109.363271061710222,-0.01854738305527,0.0],[109.363325358278701,-0.018545853308452,0.0],[109.363460098304955,-0.018545686933893,0.0],[109.363594823042718,-0.018548054848824,0.0],[109.363729506411616,-0.0185520982007,0.0],[109.363864168196898,-0.018556930258032,0.0],[109.363998818290909,-0.018562033011363,0.0],[109.364133478277452,-0.018566848880932,0.0],[109.364268168840951,-0.018570718663649,0.0],[109.364402905269898,-0.018572020881982,0.0],[109.364537612021252,-0.018569110675861,0.0],[109.364591199024701,-0.018565748110702,0.0],[109.364672086747447,-0.018560674135773,0.0],[109.364805850109974,-0.01854501424097,0.0],[109.364913368557183,-0.018471705105052,0.0],[109.364948390855574,-0.018430963118379,0.0],[109.365000091980733,-0.018370819157989,0.0],[109.365131074639493,-0.018349309173263,0.0],[109.365264934229401,-0.018364754130043,0.0],[109.365398154401362,-0.018385028446224,0.0],[109.365530021093676,-0.018412841779194,0.0],[109.365660749244213,-0.018445703906081,0.0],[109.365789775877502,-0.018479042673649,0.0],[109.365791263356172,-0.018479426684162,0.0],[109.365922668696285,-0.01850940018864,0.0],[109.366055236859765,-0.018533636018428,0.0],[109.366188546064592,-0.018553377935951,0.0],[109.36632219791116,-0.018570623335548,0.0],[109.36645602512553,-0.018586418128577,0.0],[109.366560115357075,-0.018597108369802,0.0],[109.366590072673802,-0.018600184950482,0.0],[109.366724436783414,-0.018610324806636,0.0],[109.366859062595694,-0.01861580887246,0.0],[109.366993781937509,-0.018614679323916,0.0],[109.367128217992857,-0.018605590775336,0.0],[109.367262735886655,-0.018597850310445,0.0],[109.367397423752138,-0.018594002111441,0.0],[109.367532161080462,-0.018594318672796,0.0],[109.367666766208302,-0.018600300063734,0.0],[109.367674744993579,-0.018601038407165,0.0],[109.367800929769189,-0.018612702614098,0.0],[109.36793428304081,-0.01863207221229,0.0],[109.368066922250733,-0.018655935722747,0.0],[109.368199052444368,-0.018682529575023,0.0],[109.368330945216982,-0.018710302438499,0.0],[109.368462758849347,-0.018738444023916,0.0],[109.368594613850405,-0.018766396751782,0.0],[109.368726667601621,-0.0187933737152,0.0],[109.368859056800076,-0.01881862757758,0.0],[109.368991814720545,-0.018841837280983,0.0],[109.369124610412499,-0.018864830247625,0.0],[109.369256772082466,-0.018891209161967,0.0],[109.369387508326881,-0.018923975960663,0.0],[109.369516817347261,-0.018962099121558,0.0],[109.369645272911129,-0.019003053348146,0.0],[109.369773363350092,-0.01904516320366,0.0],[109.369901339575179,-0.019087623794703,0.0],[109.370029332887484,-0.019130028627859,0.0],[109.370157372065151,-0.01917229316675,0.0],[109.370285475993938,-0.019214358955469,0.0],[109.370413661761106,-0.01925616933667,0.0],[109.37054195994358,-0.019297636176943,0.0],[109.370670395722215,-0.019338659651427,0.0],[109.37079900866739,-0.01937912284822,0.0],[109.37092779608102,-0.019419018572811,0.0],[109.371056671628139,-0.019458622917059,0.0],[109.371185494115309,-0.019498402629117,0.0],[109.371314060295759,-0.019539016012707,0.0],[109.371442193902155,-0.019580987372605,0.0],[109.371569537903895,-0.019625314956253,0.0],[109.371696026650397,-0.019672066212808,0.0],[109.37182156571275,-0.019721337369829,0.0],[109.371946158688331,-0.019772994428105,0.0],[109.372069942274109,-0.019826585028862,0.0],[109.372192911074052,-0.019882045320066,0.0],[109.372315163114365,-0.019939089317502,0.0],[109.372436853078341,-0.019997342903013,0.0],[109.372558080790824,-0.020056559662421,0.0],[109.372678953271119,-0.020116513865978,0.0],[109.372799559552078,-0.020177007662705,0.0],[109.372919977874773,-0.020237880073995,0.0],[109.373040275688254,-0.020298994403059,0.0],[109.373160503354569,-0.02036024722756,0.0],[109.37328069864536,-0.020421565702658,0.0],[109.373400880446312,-0.020482911157418,0.0],[109.373521054153386,-0.020544272799852,0.0],[109.373641221565236,-0.020605645234275,0.0],[109.373761387178334,-0.020667021265999,0.0],[109.373881553690808,-0.020728396398353,0.0],[109.374001721102658,-0.020789768832777,0.0],[109.374121893910356,-0.02085113317323,0.0],[109.374242072114015,-0.020912486721872,0.0],[109.374362255713621,-0.020973825881312,0.0],[109.374482449205757,-0.021035148852991,0.0],[109.374602667878904,-0.021096418764713,0.0],[109.374722954001214,-0.021157557375331,0.0],[109.374843339948285,-0.021218492739197,0.0],[109.3749638679882,-0.021279145715971,0.0],[109.375084590281688,-0.021339406588352,0.0],[109.375205618344722,-0.021399042431816,0.0],[109.375326939586671,-0.021458065837001,0.0],[109.375448589980522,-0.02151640395889,0.0],[109.375570594707284,-0.021573982153458,0.0],[109.375692978048519,-0.021630745562365,0.0],[109.375815865010196,-0.021686394711298,0.0],[109.375939076627191,-0.021741310912751,0.0],[109.376062551745406,-0.021795618273137,0.0],[109.37618624989554,-0.021849413019928,0.0],[109.376310129708784,-0.021902787783381,0.0],[109.376434162406767,-0.021955800120035,0.0],[109.37655825086263,-0.022008675759724,0.0]]]]}},
{"type":"Feature","properties":{"NAMOBJ":null,"JNSSNG":0,"KLSSNG":0,"FCODE":null,"REMARK":"Sungai","SRS_ID":null,"LCODE":"DA0280","METADATA":null,"NAMWS":null,"NAMDAS":null,"Shape_Leng":0.01277019024,"Shape_Area":9.092e-07},"geometry":{"type":"MultiPolygon","coordinates":[[[[109.28669451164248,-0.004226067079307,0.0],[109.286704388012694,-0.004305153618669,0.0],[109.286686298000092,-0.004225714999964,0.0],[109.286626878000064,-0.003637456999963,0.0],[109.286587661000098,-0.003109311999963,0.0],[109.28659479100007,-0.002503229999909,0.0],[109.286614963437216,-0.002397324262929,0.0],[109.286613504309813,-0.00246665231414,0.0],[109.286610648962295,-0.002602270078625,0.0],[109.286607793614877,-0.002737887843199,0.0],[109.286604939166736,-0.002873505607772,0.0],[109.286603308695859,-0.003009142258039,0.0],[109.286607050774862,-0.00314463501683,0.0],[109.286616277818965,-0.003279965897643,0.0],[109.286625504863167,-0.003415294979805,0.0],[109.286634731008078,-0.003550625860707,0.0],[109.286643957152904,-0.00368595584215,0.0],[109.286653669831125,-0.003821248951488,0.0],[109.286664545332513,-0.003956453927148,0.0],[109.286679528037808,-0.004091259603902,0.0],[109.28669451164248,-0.004226067079307,0.0]]],[[[109.286801724320142,-0.000578068822768,0.0],[109.286796047578932,-0.000622991276169,0.0],[109.286801573000034,-0.00049958899995,0.0],[109.286838397725532,-0.000287846344096,0.0],[109.286835732183334,-0.000308941304541,0.0],[109.286818727802057,-0.000443504164329,0.0],[109.286801724320142,-0.000578068822768,0.0]]]]}}
]
}
